period_s,amplitude
inf,359976.5814776534
14400.0,180003.69650984684
7200.0,72.73159507981832
4800.0,58.684110477424895
3600.0,55.36434021500158
2880.0,39.65696588853261
2400.0,29.779270815460016
2057.1428571428573,27.738807646239714
1800.0,25.96781206078968
1600.0,21.38734925656671
1440.0,18.18025975230344
1309.090909090909,18.075871185244537
1200.0,18.690880185221246
1107.6923076923078,15.51515730515313
1028.571428571429,13.192574214739182
960.0,15.062065485482421
900.0,17.706067185930934
847.0588235294117,13.64283176161664
800.0,10.58668269392106
757.8947368421052,10.959525061906248
720.0,11.688417780344286
685.7142857142857,9.963449706896169
654.5454545454545,8.884873851428729
626.0869565217391,9.061359502379233
600.0,9.72403302593956
576.0,8.679926664244247
553.8461538461539,8.023148374749564
533.3333333333334,8.29112544317069
514.2857142857143,8.886237411462934
496.5517241379311,8.02189954817175
480.0,7.471113153108957
464.5161290322581,8.316710973859864
450.0,9.524837877076335
436.3636363636364,8.064749913321194
423.52941176470586,6.985608137093942
411.4285714285714,7.045646570351235
400.0,7.424636715476955
389.1891891891892,6.91253053031048
378.9473684210526,6.600283279583458
369.2307692307692,6.727449713604769
360.0,7.006935286382379
351.2195121951219,6.626191579748669
342.85714285714283,6.401405084416468
334.8837209302325,6.726815626337124
327.27272727272725,7.277209327572559
320.0,6.697019190524424
313.0434782608696,6.391496687121901
306.3829787234042,8.026839732911103
300.0,10.40374792259617
293.8775510204082,7.871792408782255
288.0,6.327027104139485
282.3529411764706,6.5060865165771915
276.92307692307696,6.899934332150392
271.6981132075472,6.485232332159938
266.6666666666667,6.254583774079241
261.8181818181818,6.3828979559386125
257.1428571428572,6.702142699003207
252.6315789473684,6.4718880324470245
248.27586206896552,6.314199908901817
244.06779661016947,6.390257268925188
240.0,6.6516097159491325
236.0655737704918,6.496669479298274
232.25806451612905,6.442679364731171
228.57142857142856,7.087383233853382
225.0,8.25853064392918
221.53846153846155,7.174126540286623
218.1818181818182,6.521085499645062
214.9253731343284,6.622153933546126
211.76470588235293,6.7867520400117165
208.69565217391303,6.556731992357659
205.7142857142857,6.4785485071244935
202.81690140845072,6.659571677456239
200.0,7.043160338338315
197.2602739726028,6.692543578231316
194.59459459459453,6.531224044875062
192.0,6.6381279973288745
189.4736842105263,6.8091259545005824
187.01298701298705,6.700054531897329
184.6153846153846,6.667164838384331
182.27848101265823,7.881632922591512
180.0,10.176506600338083
177.77777777777777,7.831247769679822
175.60975609756096,6.689592044013478
173.49397590361446,6.721460773779586
171.42857142857142,6.801475678069841
169.41176470588235,6.621721955145853
167.44186046511626,6.5675860802581205
165.51724137931035,6.588621510251374
163.63636363636363,6.733061783222787
161.79775280898878,6.554095831976355
160.0,6.476903485600183
158.24175824175825,6.514443997501593
156.52173913043478,6.668395639813203
154.83870967741936,6.558009554816704
153.1914893617021,6.477660822375113
151.57894736842104,6.879291371635403
150.0,7.702944298043073
148.4536082474227,6.896645353111011
146.9387755102041,6.334316899648711
145.45454545454547,6.327018423768435
144.0,6.385015616371234
142.5742574257426,6.2705642797266625
141.1764705882353,6.232226591712063
139.80582524271844,6.356375404948995
138.46153846153848,6.605909909098773
137.14285714285714,6.358232196452588
135.8490566037736,6.229688522477374
134.57943925233644,6.312175947335301
133.33333333333334,6.450228164179197
132.11009174311926,6.394526064798282
130.9090909090909,6.375854870161283
129.72972972972974,6.659279970589473
128.57142857142858,7.2366941724501785
127.43362831858408,6.743715656826632
126.3157894736842,6.475202175085687
125.21739130434784,6.5592097767827955
124.13793103448276,6.591797714018248
123.07692307692308,6.485939306736496
122.03389830508472,6.437640099560191
121.00840336134456,6.74752850276472
120.0,7.458254181838281
119.00826446280992,6.710957567274994
118.0327868852459,6.370995131868327
117.07317073170732,6.369876659117092
116.12903225806453,6.415987665240185
115.2,6.407877520966732
114.28571428571428,6.434128938514839
113.38582677165356,6.696869738288558
112.5,7.377771058689276
111.6279069767442,6.781618506195557
110.76923076923076,6.485726919110048
109.9236641221374,6.533041628488259
109.0909090909091,6.632721114297348
108.27067669172932,6.578550658129209
107.46268656716418,6.549570004733822
106.66666666666669,6.653876913848137
105.88235294117646,6.908727364829112
105.10948905109488,6.76364449716772
104.34782608695652,6.714143045271477
103.59712230215828,6.799717707920706
102.85714285714286,6.866589080354955
102.12765957446808,6.872070495490414
101.40845070422536,6.982244668794768
100.69930069930072,7.664719944261731
100.0,8.78330473713214
99.3103448275862,7.760635074120028
98.63013698630138,7.275498467591392
97.95918367346938,7.405978805187882
97.29729729729728,7.564838782226672
96.64429530201342,7.537334183885591
96.0,7.49901444709798
95.36423841059604,7.470375721666428
94.73684210526316,7.520452174801716
94.11764705882352,7.486626857924683
93.50649350649353,7.396640223039153
92.90322580645162,7.429993421027855
92.3076923076923,7.551234457964743
91.71974522292992,7.4365566691359675
91.13924050632912,7.335984526209838
90.56603773584904,7.737022895498186
90.0,8.787687771482883
89.44099378881988,7.796386239129057
88.88888888888889,7.403406819178893
88.34355828220859,7.393030380273479
87.80487804878048,7.388504572100382
87.27272727272728,7.432850085361884
86.74698795180723,7.439333888138383
86.22754491017965,7.566389758959206
85.71428571428571,7.816482290764783
85.20710059171599,7.498679977224378
84.70588235294117,7.343644489469284
84.21052631578948,7.291421045664587
83.72093023255813,7.404645584241073
83.23699421965318,7.38575836795998
82.75862068965517,7.259792262560831
82.28571428571428,7.4719195862705226
81.81818181818181,7.586453429074435
81.35593220338984,7.038760348684246
80.89887640449439,6.849880098239269
80.44692737430168,6.853123081757842
80.0,6.850608426367576
79.55801104972376,6.750942635768422
79.12087912087912,6.715818584746397
78.68852459016394,6.744731469868504
78.26086956521739,6.83254111995187
77.83783783783784,6.750628199485296
77.41935483870968,6.710861006619052
77.00534759358288,6.719968796676857
76.59574468085106,6.7755550386990215
76.19047619047619,6.761094861602344
75.78947368421052,6.753210552992655
75.39267015706805,7.32354643278152
75.0,8.510167177172786
74.61139896373058,7.303964677683132
74.22680412371135,6.82639239447541
73.84615384615384,6.7540830879305975
73.46938775510205,6.7690104646405755
73.09644670050761,6.724910850253364
72.72727272727273,6.697384648674833
72.36180904522612,6.744252849611847
72.0,6.785565274154765
71.64179104477613,6.676082851872396
71.2871287128713,6.620409758223223
70.935960591133,6.626118390538248
70.58823529411765,6.624250444915194
70.2439024390244,6.595536985529974
69.90291262135922,6.576911995193306
69.56521739130434,6.63441407618951
69.23076923076924,6.869056930272908
68.89952153110048,6.600422839600333
68.57142857142857,6.473094479002556
68.24644549763033,6.429465231062906
67.9245283018868,6.441084909622025
67.6056338028169,6.448375495216862
67.28971962616822,6.414895608894229
66.9767441860465,6.444751127794675
66.66666666666667,6.594782434348661
66.3594470046083,6.402984898085125
66.05504587155963,6.3253826841005
65.75342465753424,6.3176140189806915
65.45454545454545,6.350238327995567
65.15837104072398,6.305004511598875
64.86486486486487,6.291682260473459
64.57399103139014,6.308342200635525
64.28571428571429,6.397900286472583
64.0,6.282192716669485
63.71681415929204,6.210298033321097
63.43612334801762,6.187429211344173
63.1578947368421,6.204561432957713
62.882096069869,6.151867897626148
62.60869565217392,6.108465926026912
62.33766233766234,6.12314230937473
62.06896551724138,6.137561082939374
61.802575107296136,6.099494202040764
61.53846153846153,6.08482764659224
61.27659574468085,6.068118994163897
61.01694915254237,6.087984653622877
60.75949367088608,6.054457124420594
60.504201680672274,6.0935397486416125
60.25104602510461,9.156034451788894
60.0,14.752107504044615
59.75103734439834,9.30735269893725
59.50413223140496,6.0583869925787175
59.25925925925925,5.929878104792775
59.01639344262295,5.907039061965149
58.77551020408164,5.8573434238676105
58.53658536585366,5.7958771801567694
58.29959514170041,5.796147032170576
58.064516129032256,5.789376777684307
57.83132530120482,5.734559208920374
57.6,5.714198784981344
57.37051792828685,5.694638344824273
57.14285714285714,5.648941778727154
56.91699604743084,5.604919008354413
56.69291338582678,5.5825112545154205
56.47058823529412,5.618578786373285
56.25,5.722234509823186
56.03112840466926,5.575081036529097
55.81395348837209,5.49656351655533
55.5984555984556,5.465448375746604
55.38461538461539,5.472377859591353
55.17241379310345,5.427927629023139
54.96183206106871,5.389957187153201
54.752851711026615,5.395156040554596
54.54545454545455,5.47496212133409
54.33962264150943,5.389751556324015
54.13533834586466,5.314259382655772
53.93258426966292,5.293928396911758
53.73134328358209,5.279909018780521
53.531598513011154,5.261086155852576
53.333333333333336,5.2230254242637795
53.13653136531365,5.2115368533032616
52.94117647058823,5.254169780572183
52.747252747252745,5.1723383470015705
52.55474452554744,5.104269003205525
52.36363636363636,5.0916053940655965
52.173913043478265,5.0949278308379355
51.985559566787,5.073569371926848
51.79856115107914,5.027446807888187
51.612903225806456,5.004623774537548
51.42857142857143,5.006294379498254
51.245551601423486,4.988679287311241
51.06382978723404,4.957747914157493
50.88339222614841,4.938862148629028
50.70422535211268,4.9274736487390465
50.526315789473685,4.895979071099433
50.349650349650354,4.895089031241108
50.17421602787456,4.9578947077188
50.0,5.100929785781874
49.82698961937716,4.904236385721225
49.6551724137931,4.802913835125676
49.48453608247423,4.783275898198931
49.31506849315069,4.775834161882706
49.14675767918089,4.718384519434686
48.97959183673469,4.689092005858142
48.813559322033896,4.676531930553368
48.648648648648646,4.674533833162719
48.48484848484848,4.630054777239759
48.32214765100671,4.58519137383133
48.16053511705686,4.56296148447939
48.0,4.557006191943181
47.8405315614618,4.514372524439801
47.682119205298015,4.496039006950151
47.52475247524752,4.483903399286899
47.368421052631575,4.490181467531208
47.21311475409836,4.430338506033449
47.05882352941176,4.407334672421492
46.905537459283394,4.355682213124294
46.75324675324676,4.343414219289291
46.601941747572816,4.304079254049902
46.45161290322581,4.278456873316824
46.30225080385852,4.296278263232119
46.15384615384615,4.34186032569965
46.00638977635783,4.2760987325198885
45.859872611464965,4.195447042969298
45.71428571428572,4.168009640168866
45.56962025316456,4.163782106603351
45.42586750788644,4.146335179784709
45.283018867924525,4.119334483442857
45.14106583072101,4.1693583228994955
45.0,4.285664299266753
44.85981308411215,4.1163847352101435
44.72049689440994,4.035209140391115
44.58204334365325,4.015670457320883
44.44444444444444,4.000720744120016
44.30769230769231,3.9690487867631963
44.171779141104295,3.9325351090659404
44.03669724770642,3.911340818840247
43.90243902439024,3.8893325309942997
43.76899696048632,3.859838012758152
43.63636363636364,3.824603355661999
43.50453172205438,3.7822296867132716
43.373493975903614,3.768445326251121
43.24324324324324,3.7572019953945297
43.11377245508982,3.740735579069053
42.98507462686567,3.7716022901936
42.85714285714285,3.843605385074119
42.72997032640949,3.7376068969176712
42.60355029585799,3.6642949616985594
42.47787610619469,3.643471898767087
42.35294117647059,3.6155636246903287
42.22873900293255,3.5826769765452045
42.10526315789474,3.572225480534946
41.98250728862973,3.56804500969664
41.860465116279066,3.5674919378005323
41.73913043478261,3.556860329989642
41.61849710982659,3.556827030594955
41.4985590778098,3.514308012970345
41.37931034482759,3.488854509266052
41.26074498567336,3.439700545777902
41.14285714285714,3.427009242722938
41.02564102564102,3.5086535453674244
40.90909090909091,3.5373780466336933
40.79320113314448,3.389202273718978
40.67796610169492,3.354925913771783
40.563380281690144,3.3309223955564016
40.4494382022472,3.323978282757834
40.33613445378151,3.324884295530717
40.22346368715084,3.3172674693274335
40.11142061281337,3.3332349058248143
40.0,3.4072737950048415
39.88919667590028,3.269406398049833
39.77900552486188,3.1837769395911617
39.66942148760331,3.1672064145890104
39.56043956043956,3.1573938703164517
39.45205479452055,3.134526321317061
39.34426229508197,3.1310110709072903
39.23705722070845,3.1350434642396685
39.130434782608695,3.138690000666357
39.02439024390244,3.1132017787188637
38.91891891891892,3.082816068603478
38.81401617250674,3.0724386825128254
38.70967741935484,3.049921964219151
38.6058981233244,3.0431927955072156
38.50267379679144,3.0103694615553676
38.4,2.9959893671458535
38.29787234042553,2.986418997569043
38.19628647214854,2.969883497089393
38.095238095238095,2.945309176138102
37.99472295514512,2.943457460732392
37.89473684210526,2.9160117941039903
37.79527559055118,2.9067551739651822
37.69633507853403,2.8943987661307617
37.59791122715404,2.902277436272843
37.5,2.9392090043779437
37.40259740259741,2.885876311112781
37.30569948186529,2.8617791336201774
37.2093023255814,2.854490572147833
37.11340206185567,2.8660020632531213
37.01799485861182,2.8307670104938807
36.92307692307692,2.7866930275712223
36.82864450127877,2.7694681282315115
36.734693877551024,2.767776855171282
36.641221374045806,2.7360334721054187
36.54822335025381,2.7204251489675877
36.45569620253165,2.707446295507845
36.36363636363637,2.687998776571344
36.272040302267,2.6611663342719734
36.18090452261306,2.6348735597714246
36.090225563909776,2.6356090385612254
36.0,2.661449836801787
35.910224438902745,2.623593052430453
35.820895522388064,2.5830403164685714
35.73200992555832,2.568317152219423
35.64356435643565,2.5714184143918835
35.55555555555556,2.5384266840247016
35.4679802955665,2.519049916520434
35.38083538083538,2.5141636751444243
35.294117647058826,2.5019445916488143
35.2078239608802,2.468566762285678
35.1219512195122,2.4558673486599147
35.03649635036496,2.445708281420889
34.95145631067961,2.4248272721182325
34.86682808716707,2.413311097607456
34.78260869565217,2.4078250130070393
34.69879518072289,2.399965025495808
34.61538461538462,2.3975787378322266
34.53237410071942,2.3676523145048978
34.44976076555024,2.33456630066863
34.36754176610979,2.3154274075365606
34.285714285714285,2.314182569248035
34.204275534441805,2.29602065985256
34.12322274881517,2.271408684160868
34.04255319148936,2.26262385991542
33.9622641509434,2.2480217676831873
33.88235294117647,2.232697078133715
33.80281690140845,2.2161195768021344
33.723653395784545,2.2089699558926115
33.64485981308411,2.206945253680404
33.56643356643357,2.1969251343514626
33.48837209302325,2.1854542170828246
33.41067285382831,2.1753909594074328
33.333333333333336,2.186033704891718
33.25635103926097,2.1548433074520137
33.17972350230415,2.124475419193307
33.10344827586207,2.106373291524295
33.027522935779814,2.0986514292668845
32.951945080091534,2.088151797539293
32.87671232876712,2.078432145929708
32.80182232346242,2.064363746068984
32.72727272727273,2.073937282062486
32.6530612244898,2.0549026679820406
32.57918552036199,2.0375079037001402
32.50564334085779,2.0409571091963707
32.432432432432435,2.0349132402375223
32.359550561797754,2.021229980926319
32.28699551569507,2.0080016701359087
32.214765100671144,2.0049107771469075
32.142857142857146,2.0112388677323905
32.07126948775056,1.9908964995789318
32.0,1.9920383601992067
31.92904656319291,1.9744897450075984
31.858407079646017,1.9688491514830935
31.78807947019868,1.9411312910355694
31.71806167400881,1.9325604284633313
31.64835164835165,1.919398483012215
31.57894736842105,1.9193612398809166
31.50984682713348,1.9033721188840165
31.4410480349345,1.8967113422946293
31.37254901960784,1.8844212270894578
31.30434782608696,1.8682300973896742
31.23644251626898,1.8483491132828707
31.16883116883117,1.846577407206722
31.101511879049674,1.8411425869059634
31.03448275862069,1.8287302975043354
30.96774193548387,1.8056046859435517
30.901287553648068,1.8000299483246431
30.83511777301928,1.7939750369197494
30.769230769230766,1.7783654925128178
30.703624733475483,1.7642636331954273
30.638297872340424,1.7552340381493872
30.573248407643312,1.7450031813434232
30.508474576271183,1.729150671591873
30.443974630021145,1.7199345198047977
30.37974683544304,1.7038078933718166
30.31578947368421,1.7062301259660138
30.252100840336137,1.7086053704488156
30.188679245283016,1.6933476554721738
30.125523012552303,1.689003109047662
30.06263048016701,1.742727510884152
30.0,1.8716772729433382
29.93762993762994,1.7200629990832832
29.87551867219917,1.645894910740096
29.81366459627329,1.6394773408853822
29.75206611570248,1.635423286852645
29.690721649484537,1.6182870070667779
29.629629629629623,1.6013294075284816
29.56878850102669,1.5973832315345653
29.508196721311474,1.5922536327147125
29.4478527607362,1.579366225824155
29.38775510204082,1.5729492808114087
29.327902240325862,1.553040833884656
29.26829268292683,1.5472033253592883
29.20892494929005,1.5577542503821549
29.149797570850204,1.5432611196598798
29.09090909090909,1.5399728212484316
29.032258064516128,1.5452418785465927
28.973843058350106,1.5170542080374168
28.91566265060241,1.4984430787105136
28.857715430861724,1.4964658583818136
28.8,1.490751299215778
28.742514970059883,1.4865121676582282
28.685258964143426,1.4789682787287515
28.628230616302183,1.4727857993353644
28.57142857142857,1.465391606337575
28.514851485148515,1.4602851064478417
28.458498023715418,1.4817024690219458
28.402366863905325,1.456529418383969
28.34645669291339,1.4380016418479453
28.29076620825148,1.424830669665595
28.23529411764705,1.4145158680806234
28.180039138943247,1.4194599981984721
28.125,1.419169648384699
28.070175438596493,1.3883369437966306
28.01556420233463,1.3886653768206056
27.96116504854369,1.3809575946775667
27.906976744186046,1.3722761964884616
27.852998065764023,1.3662571610011844
27.7992277992278,1.3619680103721534
27.7456647398844,1.353209778630847
27.692307692307693,1.354417781737407
27.63915547024952,1.343510249844779
27.58620689655173,1.3379122722616077
27.53346080305928,1.3291188138870735
27.48091603053436,1.3230230262563936
27.428571428571427,1.317586764447208
27.376425855513308,1.3203935527041044
27.32447817836812,1.3208208858978905
27.27272727272728,1.3195617527477312
27.22117202268431,1.2889869456518996
27.169811320754715,1.279692240301491
27.118644067796613,1.2775786517240693
27.06766917293233,1.2694810459254995
27.01688555347092,1.2646413342114966
26.96629213483146,1.2665264275343109
26.91588785046729,1.2588831165211485
26.86567164179105,1.2553378198789267
26.81564245810056,1.254806349952278
26.765799256505577,1.248819218138751
26.716141001855288,1.2323325871237225
26.666666666666668,1.23119013716801
26.617375231053604,1.2240917579229773
26.568265682656826,1.2200439020834117
26.519337016574585,1.2175697809066388
26.47058823529412,1.21308620493312
26.42201834862385,1.201540586074515
26.37362637362637,1.198861678832399
26.325411334552104,1.2001498155557766
26.27737226277372,1.1939688891503473
26.229508196721312,1.1857767274794928
26.18181818181818,1.1803381590961903
26.134301270417424,1.1833172424311342
26.086956521739133,1.1827786222355208
26.03978300180832,1.1717894503980528
25.9927797833935,1.1643434137871216
25.945945945945944,1.16035677780392
25.89928057553957,1.1552953958146484
25.852782764811487,1.150785736399829
25.806451612903228,1.1479478144814481
25.760286225402503,1.153834699394874
25.714285714285715,1.1543724804409612
25.66844919786097,1.1378655965881206
25.622775800711743,1.1309576002622848
25.57726465364121,1.1328515087865112
25.53191489361702,1.1337620936892825
25.48672566371681,1.128404662327041
25.441696113074205,1.12160604096258
25.396825396825395,1.121081697542345
25.35211267605634,1.1180787211487802
25.30755711775044,1.1165612552681512
25.26315789473684,1.1175944898179722
25.21891418563923,1.1134287169294819
25.174825174825177,1.1078402329193588
25.13089005235602,1.1077366797853503
25.08710801393728,1.10383405979293
25.043478260869566,1.1095084835072442
25.0,1.1202278440935036
24.95667244367418,1.1057355418017794
24.91349480968858,1.1002777694767274
24.870466321243523,1.0958966910194567
24.82758620689655,1.0942706885465576
24.78485370051635,1.0943809163002183
24.742268041237114,1.0903412927018166
24.69982847341338,1.084509536808915
24.657534246575345,1.0786645376491415
24.615384615384613,1.077476481091127
24.573378839590443,1.0769610035840729
24.53151618398637,1.0727093589608845
24.489795918367346,1.0686219170782185
24.448217317487263,1.0711077963572864
24.406779661016948,1.0708105800248735
24.36548223350254,1.0643728603486124
24.324324324324323,1.0614298627366305
24.283305227655987,1.0546351628786845
24.24242424242424,1.0570619546463222
24.201680672268907,1.051008590308737
24.161073825503355,1.0511309086087113
24.12060301507538,1.054244934671098
24.08026755852843,1.0517609556092236
24.040066777963272,1.0559684115598973
24.0,1.0575357742669405
23.96006655574044,1.0455862106874745
23.920265780730897,1.042931911055484
23.88059701492537,1.0389419037895444
23.841059602649008,1.0326017468729833
23.801652892561982,1.0335011672178473
23.76237623762376,1.031526887216079
23.723228995057664,1.0261171939230758
23.684210526315788,1.0213250501172497
23.64532019704433,1.017330897493245
23.60655737704917,1.0176344180220978
23.567921440261863,1.0134571070062923
23.52941176470588,1.0101778029060242
23.49102773246329,1.009774915765071
23.452768729641697,1.0132370248441953
23.414634146341463,1.0078269698110465
23.37662337662337,1.002016383724555
23.338735818476497,0.9985331499943162
23.300970873786408,0.9998350608488722
23.263327948303715,0.9963111869751557
23.225806451612904,0.9943433778600687
23.188405797101453,0.991517837237694
23.15112540192926,0.9875396148751568
23.1139646869984,0.9873684017882173
23.07692307692308,0.9905672976420226
23.04,0.9846762794014492
23.00319488817892,0.9812608560065467
22.96650717703349,0.9746459798149011
22.929936305732483,0.9763696803396456
22.893481717011127,0.9742388743271516
22.857142857142858,0.9659704012724821
22.82091917591125,0.9647195776608932
22.78481012658228,0.9612777665527272
22.748815165876778,0.9587390816337794
22.71293375394322,0.956954739089982
22.677165354330707,0.9533379626601671
22.641509433962263,0.9507300770086413
22.605965463108323,0.9472099497692046
22.570532915360506,0.9468371750754773
22.53521126760564,0.9469237717091777
22.5,0.9448639847185607
22.46489859594384,0.9389888660202159
22.42990654205608,0.9368773065025797
22.3950233281493,0.9312801234558277
22.36024844720497,0.926283432408472
22.32558139534884,0.9229226083047155
22.291021671826627,0.9216021131727109
22.256568778979908,0.9229200219154106
22.22222222222222,0.9240941259815949
22.18798151001541,0.9220031932173042
22.15384615384616,0.9174719612742576
22.119815668202765,0.9148695230783448
22.085889570552148,0.9127577905991368
22.052067381317,0.9128887506089002
22.01834862385321,0.9117598379620795
21.98473282442748,0.9056223899639789
21.95121951219512,0.9078965920718632
21.91780821917808,0.9068355605906294
21.88449848024316,0.9019821244475851
21.851289833080425,0.9015125510143347
21.81818181818182,0.894749952145553
21.78517397881997,0.8938622336846834
21.75226586102719,0.8934331145584411
21.71945701357466,0.892163178308654
21.686746987951807,0.8916846057770088
21.654135338345863,0.8881253800011676
21.62162162162162,0.8821854078857632
21.58920539730135,0.8842058588084415
21.55688622754491,0.8821981104704858
21.524663677130047,0.8950906725878897
21.49253731343284,0.903860157028449
21.460506706408346,0.885555575523769
21.428571428571427,0.8774072454105771
21.39673105497772,0.8678295249494403
21.364985163204743,0.8660914378824255
21.33333333333333,0.8673476115590136
21.301775147929,0.8671646221179372
21.27031019202364,0.8621487230807496
21.238938053097343,0.8561605489389283
21.207658321060386,0.858206654038758
21.176470588235293,0.8570707206214888
21.145374449339204,0.8523456391225235
21.114369501466275,0.8476930594014825
21.08345534407028,0.8435830471322998
21.05263157894737,0.8451392825513852
21.02189781021898,0.8508135163515005
20.991253644314867,0.8488268491732907
20.96069868995633,0.8476666691283136
20.930232558139533,0.843958865540732
20.89985486211901,0.83820217107532
20.869565217391305,0.8399805800932013
20.83936324167873,0.8401267697787771
20.809248554913296,0.8397877717740762
20.77922077922078,0.8316204146887164
20.7492795389049,0.8280084541990638
20.719424460431654,0.8310069441833813
20.6896551724138,0.8311485784907605
20.65997130559541,0.8281400360150368
20.63037249283668,0.8221283223274019
20.60085836909872,0.8219064778414988
20.57142857142857,0.8201936508616022
20.54208273894437,0.8205896237182735
20.51282051282051,0.8217660158746447
20.483641536273115,0.8295565986040386
20.454545454545453,0.8222127361138779
20.42553191489361,0.813770870787502
20.39660056657224,0.8122890921256618
20.367751060820368,0.807626779076036
20.33898305084746,0.8052607579411563
20.310296191819464,0.8049686413966309
20.281690140845072,0.8008481782328141
20.253164556962023,0.7990076513354599
20.2247191011236,0.8080452553439462
20.19635343618513,0.8134970720519575
20.16806722689076,0.8066073731617411
20.13986013986014,0.804180675906694
20.11173184357542,0.8082448538063216
20.0836820083682,0.8048180315154693
20.055710306406684,0.799508687884476
20.02781641168289,0.8221785871696391
20.0,0.8616984379769679
19.97226074895978,0.8249614287569346
19.94459833795014,0.8050379948687378
19.91701244813278,0.798646445697567
19.88950276243094,0.7946216022798973
19.86206896551724,0.7857604568347097
19.83471074380165,0.7814195107622947
19.80742778541953,0.7804652484374703
19.78021978021978,0.7811383109645123
19.753086419753085,0.7823138138907068
19.726027397260275,0.7808545262747408
19.69904240766074,0.7789458220719556
19.672131147540984,0.7812894180160569
19.64529331514325,0.7807359216354638
19.618528610354225,0.7738478880969928
19.59183673469388,0.7726713773758573
19.565217391304348,0.7732464178529206
19.53867028493894,0.7722949082023735
19.51219512195122,0.7708602881160139
19.485791610284167,0.7706189139843571
19.45945945945946,0.7734078385491244
19.4331983805668,0.7750508154880217
19.40700808625337,0.7709692443247815
19.38088829071332,0.7683525634437973
19.35483870967742,0.7660205414466846
19.328859060402685,0.7594462326765944
19.3029490616622,0.7603078907975728
19.27710843373494,0.7642407688304036
19.25133689839572,0.7574926933399364
19.225634178905207,0.7558361873857683
19.2,0.7547424470997343
19.174434087882823,0.7522197106459311
19.148936170212764,0.7488795656042513
19.12350597609562,0.747460201486301
19.09814323607427,0.7445949835119978
19.072847682119203,0.745246559087308
19.047619047619047,0.7424542631152182
19.022457067371203,0.7452813557587525
18.99736147757256,0.7428982286638308
18.97233201581028,0.7404638558621899
18.94736842105263,0.7406341371320461
18.922470433639948,0.7381823373379853
18.89763779527559,0.7319069859312067
18.87287024901704,0.7318566961216852
18.848167539267013,0.7328014893101628
18.823529411764707,0.7258954733888315
18.79895561357702,0.7299995905540415
18.77444589308996,0.7273738937526535
18.75,0.7277190214135325
18.72561768530559,0.728775066433032
18.701298701298704,0.7237996481600575
18.67704280155642,0.716009173991104
18.652849740932645,0.718249535559907
18.628719275549805,0.7142325199598241
18.6046511627907,0.713988454914834
18.58064516129032,0.7156294976199137
18.55670103092784,0.7122821336608843
18.53281853281853,0.7118630853687989
18.50899742930591,0.7135105816180585
18.48523748395379,0.7068641589852851
18.46153846153846,0.7056466489307539
18.43790012804097,0.7013174938648461
18.414322250639387,0.6953193065711698
18.39080459770115,0.6956453003544205
18.367346938775512,0.6937879554816603
18.343949044585987,0.6905490713379461
18.320610687022903,0.6881995218342115
18.29733163913596,0.688728927791806
18.274111675126903,0.6872921672150881
18.250950570342205,0.6863325787481799
18.227848101265824,0.680931149650645
18.20480404551201,0.6787089385558701
18.181818181818183,0.6754454135923033
18.15889029003783,0.6726653947310105
18.1360201511335,0.6741496122044184
18.11320754716981,0.6697277054355326
18.09045226130653,0.6666382086556699
18.06775407779172,0.6643999050334934
18.045112781954888,0.6625918006529556
18.02252816020025,0.6639031254580635
18.0,0.659091911229092
17.97752808988764,0.655390134909763
17.955112219451372,0.6522591224332587
17.932752179327522,0.6545873729404796
17.910447761194032,0.6508018703912581
17.888198757763973,0.6492507270064135
17.866004962779158,0.6458234042451234
17.843866171003718,0.6431782332652201
17.821782178217823,0.6440479010479846
17.799752781211374,0.6411112041582051
17.77777777777778,0.6378661767435365
17.755856966707768,0.6377422953980302
17.73399014778325,0.6328853611157776
17.71217712177122,0.6338377355276946
17.69041769041769,0.6317997089613879
17.66871165644172,0.6269535323095643
17.647058823529413,0.6238826747759385
17.625458996328028,0.6211665106205098
17.6039119804401,0.6192888078599957
17.58241758241758,0.6179304690605816
17.5609756097561,0.6151901369926571
17.53958587088916,0.6147376571550064
17.51824817518248,0.6164837611946374
17.496962332928312,0.6144376822306941
17.475728155339805,0.6120538624951161
17.454545454545457,0.6086985815134147
17.433414043583536,0.6056871346284042
17.412333736396615,0.6052510643620171
17.391304347826086,0.5993487078058564
17.370325693606755,0.5971501959900934
17.349397590361445,0.5951358080706555
17.32851985559567,0.593055684006422
17.30769230769231,0.5897162923264984
17.286914765906364,0.5866100433419956
17.26618705035971,0.5853667403363823
17.24550898203593,0.5847694809201148
17.22488038277512,0.5830650331658346
17.204301075268816,0.5812924892326167
17.183770883054894,0.5779339226136337
17.163289630512516,0.5783070139936558
17.142857142857142,0.5783525324117095
17.122473246135552,0.5757106795088637
17.102137767220903,0.5757045410540009
17.08185053380783,0.5707734720504863
17.061611374407583,0.5712957663383867
17.041420118343197,0.5664279309252129
17.02127659574468,0.5632496556227208
17.001180637544273,0.5623024190827639
16.9811320754717,0.5575268915025895
16.96113074204947,0.5599814606096564
16.941176470588236,0.5551916873508607
16.921269095182137,0.5505592136726828
16.901408450704224,0.5498073587525245
16.881594372801874,0.5477677128557266
16.861826697892273,0.5490445045266507
16.842105263157894,0.5471847383961632
16.822429906542055,0.5437694950552426
16.802800466744458,0.5413718911868737
16.783216783216783,0.5406787202750725
16.763678696158323,0.5415245554815697
16.744186046511626,0.5403860014999249
16.72473867595819,0.5385049851191096
16.705336426914155,0.535319892820906
16.685979142526072,0.5360402955300168
16.666666666666668,0.5320723053033605
16.647398843930635,0.5303937789916775
16.628175519630485,0.52844597314787
16.608996539792386,0.5250072313953592
16.589861751152075,0.5248028796713669
16.57077100115075,0.5218603898424446
16.551724137931036,0.5217704199714536
16.532721010332953,0.5180286886803389
16.513761467889907,0.5163111162518853
16.494845360824744,0.5152938509828329
16.475972540045767,0.5147046601441094
16.45714285714286,0.5116328380384008
16.43835616438356,0.5111473019984977
16.419612314709237,0.5115171099737527
16.40091116173121,0.510727488467195
16.38225255972696,0.5086861157176694
16.363636363636363,0.5048741069749925
16.345062429057887,0.5025167667323694
16.3265306122449,0.5022345705366775
16.308040770101925,0.5016562101147134
16.289592760180994,0.5011615396180689
16.271186440677965,0.5012553304089924
16.252821670428894,0.497184315390166
16.234498308906428,0.49759420366923085
16.216216216216218,0.4950337007721357
16.197975253093365,0.49134474075392703
16.179775280898877,0.49002472871556096
16.161616161616163,0.48841897512757454
16.143497757847534,0.48996613603257094
16.12541993281075,0.49024320057320503
16.107382550335572,0.4863412739240393
16.089385474860336,0.4854655070894196
16.071428571428573,0.48575379508000427
16.05351170568562,0.48467855818423405
16.035634743875278,0.4804049691416141
16.017797552836484,0.47931618271251997
16.0,0.48071541382573485
15.98224195338513,0.48114986198340964
15.964523281596454,0.4738128331640868
15.946843853820598,0.4732985517161235
15.929203539823009,0.4740113447978574
15.911602209944752,0.4720986893236275
15.89403973509934,0.4709025063589786
15.876515986769569,0.4700662549090291
15.859030837004404,0.47025836031927654
15.84158415841584,0.4677592095636792
15.824175824175825,0.4655710137369184
15.806805708013174,0.46210926959474874
15.789473684210526,0.4604409802005155
15.772179627601314,0.4587961198617153
15.75492341356674,0.4580870062286055
15.737704918032788,0.4534436614721481
15.72052401746725,0.4539648319353129
15.70338058887677,0.4548153106724653
15.68627450980392,0.4528681207705401
15.669205658324266,0.4519562990212971
15.65217391304348,0.4497876939747142
15.63517915309446,0.4495825790157044
15.61822125813449,0.44896770565756666
15.60130010834236,0.4483501849218297
15.584415584415586,0.4457753825869079
15.567567567567568,0.44328026891963906
15.550755939524835,0.44211998480677783
15.533980582524272,0.4412675932748764
15.517241379310343,0.4379990270791543
15.5005382131324,0.43819769662014224
15.483870967741934,0.43740322084200495
15.467239527389902,0.43499803206257165
15.450643776824034,0.43387570466403086
15.434083601286174,0.43449672683073637
15.417558886509635,0.4326771844650282
15.401069518716575,0.42912755665141245
15.384615384615383,0.4307197012740615
15.36819637139808,0.4310693559198962
15.35181236673774,0.42726161792849376
15.335463258785945,0.42650907400334664
15.319148936170212,0.4260461817130901
15.302869287991498,0.423876106111481
15.286624203821656,0.42391816711887503
15.270413573700957,0.42166789088874534
15.254237288135592,0.4189865185005338
15.238095238095235,0.41663456398851606
15.221987315010573,0.41654280236701596
15.205913410770856,0.4152627407996737
15.18987341772152,0.41253506261301554
15.173867228661749,0.4125353690085628
15.157894736842104,0.4116850523193055
15.141955835962143,0.40936646978471525
15.126050420168069,0.41015646567953257
15.110178384050366,0.40755683872541154
15.094339622641508,0.4065583386954674
15.078534031413612,0.40436727188530647
15.062761506276152,0.40509127526005495
15.04702194357367,0.40571060622503474
15.031315240083506,0.40484742853412226
15.015641293013555,0.41875534175276374
15.0,0.45090653651961804
14.9843912591051,0.4167490548671957
14.96881496881497,0.39987751930513143
14.953271028037385,0.3999308617817649
14.937759336099584,0.39885593422258037
14.922279792746114,0.3953965460056967
14.906832298136647,0.40172646264702633
14.891416752843844,0.4009402212398415
14.87603305785124,0.3932601553396314
14.860681114551085,0.38938272896843706
14.845360824742269,0.38737745778052574
14.83007209062822,0.3859828523948162
14.814814814814811,0.3827377453835137
14.799588900308324,0.3855986698301242
14.784394250513348,0.3829537198420812
14.76923076923077,0.37992158379008756
14.754098360655735,0.3803389192195302
14.73899692937564,0.3773655442458468
14.723926380368098,0.3766637549156253
14.70888661899898,0.3744910444425142
14.69387755102041,0.37262012206282896
14.678899082568806,0.372112856459352
14.663951120162931,0.3720851541203432
14.649033570701931,0.37014559628767274
14.634146341463415,0.3693355644601604
14.619289340101522,0.3696337975791102
14.604462474645027,0.3696635292309271
14.58966565349544,0.3681263543244287
14.574898785425102,0.3663297442555355
14.56016177957533,0.36497958761398935
14.545454545454543,0.3649809451545029
14.530776992936428,0.36380753158269424
14.516129032258064,0.36274207327683766
14.501510574018129,0.3602371494491344
14.486921529175053,0.35862275978600144
14.472361809045225,0.3572907227083116
14.457831325301203,0.3560230938873707
14.44332998996991,0.3552087532236698
14.428857715430862,0.3535564685874295
14.414414414414413,0.35326156716334567
14.4,0.3529211924358962
14.385614385614383,0.35180607613492326
14.37125748502994,0.35079486556342937
14.356929212362912,0.3508606796940574
14.342629482071713,0.3503409505934746
14.328358208955224,0.34984076438819445
14.314115308151091,0.346810360008455
14.299900695134063,0.3472414219101975
14.285714285714285,0.3475325535100732
14.271555996035678,0.34565712311570246
14.257425742574258,0.3440327422224196
14.243323442136498,0.3436635654963434
14.229249011857709,0.3439805770860454
14.215202369200394,0.34259123529757446
14.201183431952662,0.3407591520383643
14.1871921182266,0.3391921946376543
14.173228346456694,0.33924705956821
14.15929203539823,0.33864687948025346
14.145383104125736,0.3372659400716315
14.131501472031402,0.3370654108843786
14.117647058823527,0.33400245716776733
14.103819784524976,0.33309260379276145
14.090019569471623,0.33278547759342725
14.07624633431085,0.33355300343968713
14.0625,0.3326647748741924
14.048780487804878,0.33121270786000123
14.035087719298248,0.33022830619065047
14.021421616358325,0.3311843735993722
14.007782101167315,0.3339687808770645
13.994169096209912,0.33263190160061656
13.980582524271846,0.3286970730618966
13.967022308438407,0.3276908625143619
13.953488372093023,0.32583723246780383
13.93998063891578,0.3248370708623681
13.926499032882012,0.3256972214231319
13.913043478260873,0.3245066253636833
13.899613899613898,0.32423977075803045
13.886210221793634,0.3229417529509071
13.872832369942197,0.32309741201425707
13.859480269489897,0.32211583479534595
13.846153846153848,0.32224362169054305
13.8328530259366,0.3208400941585255
13.81957773512476,0.32068349608292523
13.806327900287632,0.3193983198747224
13.793103448275865,0.3186938778064263
13.779904306220097,0.3184098282276138
13.766730401529635,0.3178776052167455
13.753581661891117,0.31676206068839885
13.740458015267176,0.31676258543961877
13.72735938989514,0.3162060574057872
13.714285714285714,0.3148939390550517
13.701236917221694,0.31521942946711606
13.688212927756654,0.3146377063624085
13.675213675213676,0.31355987424946835
13.66223908918406,0.31480531429569225
13.649289099526063,0.3147988850829102
13.636363636363637,0.3130362701672969
13.623462630085148,0.3118576445368603
13.610586011342155,0.3091502591957432
13.597733711048155,0.30851348084592556
13.584905660377355,0.30754806689042347
13.572101790763432,0.3070820620945555
13.559322033898306,0.3077182135957146
13.546566321730952,0.30683901312786493
13.533834586466163,0.3061606769859119
13.52112676056338,0.3061805159653011
13.50844277673546,0.30479203876936195
13.495782567947517,0.3047606704214807
13.48314606741573,0.30436865472697183
13.470533208606174,0.30506876318010395
13.457943925233645,0.3073650411573677
13.445378151260504,0.30404660746201834
13.432835820895525,0.30286164872672755
13.42031686859273,0.3015676131354516
13.40782122905028,0.3027211940575176
13.395348837209305,0.302238957997778
13.382899628252789,0.29994419299766434
13.370473537604456,0.2981998909566395
13.358070500927644,0.29838868352414993
13.345690454124188,0.29942146521627133
13.333333333333334,0.30154250007420064
13.32099907493062,0.2989346691651336
13.308687615526802,0.2965675084124096
13.296398891966758,0.2964052480487975
13.284132841328413,0.2946658375378249
13.27188940092166,0.2933332236284776
13.259668508287293,0.2937320629309863
13.247470101195953,0.29358099686059735
13.235294117647058,0.2928569989669096
13.223140495867767,0.29186546283990683
13.211009174311927,0.2903399082178528
13.198900091659029,0.28915417146186667
13.186813186813186,0.2900154989721067
13.174748398902103,0.2885482204225327
13.162705667276052,0.28830162475826077
13.15068493150685,0.2879822130810061
13.13868613138686,0.28650868427382964
13.126709206927986,0.28746551586068037
13.114754098360656,0.2871090885880692
13.10282074613285,0.286135376278177
13.09090909090909,0.2841062566670491
13.079019073569482,0.2843983468847958
13.067150635208712,0.2849467667270467
13.055303717135086,0.2852934858631543
13.043478260869566,0.2860983027091157
13.031674208144796,0.2839246793069474
13.019891500904158,0.2812669624225294
13.008130081300813,0.28271005988732506
12.99638989169675,0.28293591139723867
12.984670874661855,0.2819129374844994
12.972972972972972,0.2808250452431061
12.96129612961296,0.28113806864284985
12.949640287769784,0.2808375375076057
12.93800539083558,0.2782033021780429
12.926391382405743,0.2783429529025072
12.914798206278029,0.2788402281601041
12.903225806451614,0.2777390936521526
12.891674127126231,0.2776207177977884
12.880143112701251,0.2779362464849804
12.8686327077748,0.27819177641463
12.857142857142858,0.276151036493228
12.845673505798397,0.2764867732332019
12.834224598930485,0.2762773555783142
12.822796081923418,0.27538280820306144
12.811387900355871,0.2745346779726399
12.8,0.27350174700990154
12.788632326820604,0.27232744539734277
12.777284826974268,0.27169174919698763
12.76595744680851,0.2716728462253131
12.754650132860938,0.27144061600993
12.743362831858407,0.2705417403836627
12.732095490716182,0.26953235630460115
12.720848056537102,0.2689505036951324
12.709620476610768,0.269152198608999
12.698412698412698,0.269142442892982
12.687224669603523,0.2698435785580054
12.67605633802817,0.2691523749310722
12.66490765171504,0.2693788128260876
12.65377855887522,0.2696288536673616
12.642669007901668,0.26908130480107556
12.63157894736842,0.2694300572930409
12.6205083260298,0.26813627017306685
12.609457092819614,0.2687531553516797
12.598425196850393,0.2713765542540393
12.587412587412588,0.2667790349143538
12.5764192139738,0.26449217318174906
12.56544502617801,0.26483003237836494
12.554489973844811,0.26432349783309095
12.54355400696864,0.2636474434565291
12.532637075718016,0.26267215959187873
12.521739130434783,0.2636458226369894
12.510860121633362,0.26552310496383774
12.5,0.2668550687454125
12.48915871639202,0.26506576021416806
12.47833622183709,0.26272375757231703
12.467532467532466,0.26112725403777076
12.45674740484429,0.2609893017243076
12.445980985306829,0.2612695643744095
12.43523316062176,0.26054165064068724
12.424503882657463,0.260049600893659
12.413793103448276,0.2606137564955687
12.403100775193796,0.2607266276517051
12.392426850258175,0.2594403398458162
12.38177128116939,0.2591907899074451
12.371134020618555,0.25864126829210304
12.360515021459229,0.25786808949137763
12.34991423670669,0.25706991799327505
12.339331619537276,0.25706685802382423
12.328767123287673,0.2568802929656018
12.318220701454234,0.25581592419641513
12.307692307692308,0.2557836808295825
12.297181895815545,0.25740639250599684
12.286689419795222,0.25728278183275954
12.276214833759592,0.2547546304771864
12.265758091993185,0.2553804078039477
12.25531914893617,0.2557008098278095
12.244897959183673,0.2550339713905203
12.234494477485132,0.2552048921464632
12.224108658743631,0.2541092772455349
12.213740458015266,0.25284221592466727
12.203389830508474,0.253169906355251
12.193056731583404,0.25185248689790696
12.18274111675127,0.2513750365379177
12.17244294167371,0.2519111443176787
12.16216216216216,0.25138614828536926
12.151898734177216,0.25060642670257804
12.141652613827992,0.25023990182702266
12.131423757371524,0.24927813956525302
12.12121212121212,0.24934380771072578
12.111017661900757,0.25025385025797076
12.100840336134452,0.25052011029799265
12.090680100755668,0.24946912324343604
12.080536912751676,0.2492558000845055
12.07041072925398,0.24841314386969693
12.06030150753769,0.24824781463263126
12.050209205020922,0.24809212355515145
12.040133779264217,0.24837674984605576
12.030075187969924,0.24824535019828886
12.020033388981636,0.24853131612554294
12.01000834028357,0.25604497706601154
12.0,0.2748340828953858
11.99000832639467,0.2547602204183519
11.980033277870216,0.2468152772051169
11.970074812967582,0.245995317846773
11.960132890365449,0.24584582772840227
11.950207468879668,0.24670598725566775
11.940298507462686,0.24550239587314698
11.930405965202985,0.24462378458592118
11.920529801324504,0.2449459648551391
11.910669975186105,0.24403403856939135
11.900826446280991,0.24465064978728135
11.890999174236168,0.24461925693427944
11.88118811881188,0.24387793474757075
11.871393239901073,0.2434233494046456
11.861614497528832,0.24369561775794918
11.851851851851851,0.2426267206588618
11.842105263157894,0.2428877056037012
11.832374691865242,0.24186167824329383
11.822660098522167,0.2416041784533692
11.8129614438064,0.24105856396927575
11.803278688524587,0.24033178642375932
11.793611793611792,0.24057680587853403
11.783960720130931,0.23941766395476927
11.774325429272285,0.23951280634755603
11.76470588235294,0.24018238671184938
11.755102040816324,0.24009027687628193
11.745513866231647,0.2402798723721914
11.7359413202934,0.23973896872891962
11.726384364820849,0.2394899538458169
11.716842961757523,0.2410496937913285
11.707317073170731,0.23959511949331794
11.697806661251017,0.2372848930309653
11.688311688311687,0.23752513681417242
11.67883211678832,0.23649543780506543
11.669367909238249,0.23720662289120756
11.65991902834008,0.23794067195336063
11.650485436893204,0.2363338163834257
11.6410670978173,0.2368192387931231
11.631663974151856,0.23603236169182087
11.62227602905569,0.23497453144843186
11.612903225806452,0.23572851477617016
11.60354552780016,0.23556477946300083
11.594202898550726,0.23506855252062084
11.58487530168946,0.23530100942381066
11.57556270096463,0.23509229077385044
11.566265060240964,0.23414870123133572
11.5569823434992,0.2342594230887369
11.547714514835604,0.23419539332617065
11.538461538461538,0.23562111991347615
11.529223378702962,0.23534978488433236
11.52,0.23308787843648532
11.510791366906476,0.23282139957919057
11.501597444089455,0.233962363873382
11.49241819632881,0.233847317731341
11.483253588516746,0.2328695900938215
11.474103585657373,0.2326487211071621
11.46496815286624,0.23276067276339257
11.455847255369928,0.23256554247729794
11.446740858505564,0.23186582827182523
11.437648927720414,0.2316071391258525
11.428571428571429,0.23187890341249637
11.41950832672482,0.23190290386374635
11.410459587955623,0.23119284042879829
11.401425178147267,0.23185167456821967
11.39240506329114,0.23230559451767827
11.383399209486166,0.23048074787137462
11.374407582938389,0.23065327030272192
11.365430149960536,0.23137556856305377
11.35646687697161,0.2312000017772402
11.347517730496454,0.23141878744992253
11.338582677165354,0.23144403537263616
11.329661683713612,0.23049258051003554
11.320754716981131,0.23072007258325222
11.31186174391202,0.22996171969901802
11.30298273155416,0.23664520400549274
11.294117647058822,0.23300071834755956
11.285266457680253,0.22904393138917856
11.276429130775254,0.22957651440645196
11.267605633802818,0.2301832863673635
11.25879593432369,0.22984293246084156
11.25,0.22886430622856013
11.241217798594848,0.22847611335415188
11.23244929797192,0.22738255573242688
11.22369446609509,0.22858743014521007
11.214953271028037,0.2281771836409367
11.206225680933851,0.22707283392010918
11.19751166407465,0.22801973834380582
11.18881118881119,0.22762498227187292
11.180124223602483,0.226938932766217
11.17145073700543,0.22724236105721154
11.16279069767442,0.22763529688088546
11.15414407436096,0.22670121171772853
11.145510835913312,0.22545670269233173
11.1368909512761,0.22669673310876493
11.128284389489954,0.22712879098363467
11.11969111969112,0.2285926005498786
11.11111111111111,0.22888101301847835
11.102544333076333,0.2275215813608603
11.093990755007704,0.22706993037325288
11.085450346420323,0.22551787941552479
11.076923076923077,0.2259266154349922
11.068408916218294,0.22550907750022064
11.059907834101384,0.22535304060552405
11.051419800460476,0.22601984519945892
11.042944785276074,0.22497529557763826
11.03448275862069,0.22479450625104236
11.0260336906585,0.22418713416711383
11.017597551644988,0.22383454223906607
11.009174311926603,0.22495656336381392
11.000763941940413,0.22562653800625687
10.99236641221374,0.22496464691811902
10.983981693363845,0.22368851116110222
10.97560975609756,0.22366197472436897
10.967250571210966,0.22303226462801012
10.95890410958904,0.2216346678852282
10.950570342205324,0.22204711725611317
10.94224924012158,0.22133601786775473
10.933940774487471,0.22219909477541444
10.925644916540213,0.2232446129558447
10.917361637604246,0.2228774786529184
10.90909090909091,0.22263204931873598
10.900832702498109,0.2212762863474376
10.892586989409985,0.22017450619538664
10.884353741496598,0.2210506201173007
10.876132930513595,0.2209970618114456
10.867924528301886,0.22017575591913308
10.85972850678733,0.2200797541809063
10.851544837980407,0.22096195957157763
10.843373493975903,0.220200864845135
10.835214446952596,0.2196517021806931
10.827067669172932,0.22052331001418699
10.81893313298272,0.22049438365385385
10.81081081081081,0.2187431947494057
10.802700675168794,0.21873376866240943
10.794602698650674,0.21838535241258256
10.786516853932584,0.21837061741180044
10.778443113772456,0.21764073006406415
10.770381451009724,0.21752613251764344
10.762331838565023,0.21822192071714377
10.75429424943988,0.21845843785977848
10.746268656716415,0.217993896372836
10.738255033557047,0.21788121550046047
10.730253353204173,0.21783344564466078
10.722263588979896,0.21868632356318082
10.714285714285714,0.21857460766968406
10.706319702602231,0.2173951874407665
10.698365527488855,0.21806178266638815
10.69042316258352,0.21792124143029665
10.682492581602371,0.21740683755321857
10.67457375833951,0.21622101407607816
10.666666666666666,0.2162412688212972
10.65877128053294,0.21658813450629769
10.650887573964498,0.21690310661614898
10.6430155210643,0.2159946088180654
10.635155096011816,0.21541996850832398
10.62730627306273,0.21695229381109885
10.619469026548671,0.2161146800025641
10.611643330876934,0.2150816936117334
10.603829160530193,0.21531034938004626
10.596026490066226,0.21559720710785676
10.588235294117649,0.21663645763451578
10.580455547391624,0.21459322805624312
10.572687224669602,0.21406899544084512
10.564930300807044,0.2145764092961834
10.557184750733136,0.21376116105258938
10.54945054945055,0.21331401349316212
10.54172767203514,0.2130605811367137
10.534016093635698,0.21385438051173997
10.526315789473683,0.21425980832791983
10.518626734842952,0.21423624178017167
10.51094890510949,0.2145889818408807
10.50328227571116,0.21455655528747544
10.495626822157432,0.21387734978769624
10.487982520029131,0.2130218938280018
10.480349344978166,0.2131091702968343
10.472727272727273,0.21220648028845107
10.465116279069766,0.21208499088208055
10.45751633986928,0.2119476097468546
10.449927431059509,0.2121592587662775
10.442349528643945,0.21175529958026948
10.434782608695652,0.21118190937319054
10.427226647356989,0.21102058105895666
10.419681620839365,0.21072941914584403
10.412147505422992,0.2118467523124264
10.404624277456648,0.2116324882100844
10.3971119133574,0.21130184199160737
10.38961038961039,0.21078878392710668
10.382119682768565,0.21089023276143382
10.37463976945245,0.20970584491036753
10.367170626349893,0.20918750284709028
10.359712230215829,0.20984334960367357
10.352264557872036,0.21144428072377827
10.344827586206897,0.21143659275582566
10.337401292175162,0.21061193861586178
10.329985652797705,0.21052945059326672
10.32258064516129,0.2098481363932967
10.31518624641834,0.20975994442441181
10.307802433786684,0.21063680575979715
10.300429184549357,0.21065556904964045
10.293066476054324,0.21027988054661734
10.285714285714285,0.20992422351605924
10.278372591006423,0.2105242864806044
10.271041369472185,0.20989309512455426
10.263720598717034,0.20883516299897498
10.256410256410255,0.20961438462238668
10.249110320284698,0.21035732593291423
10.241820768136558,0.21221531031276758
10.23454157782516,0.21077774682678496
10.227272727272728,0.2098266356374206
10.22001419446416,0.20860974911286403
10.212765957446807,0.20791270416376903
10.205527994330264,0.209146743031121
10.19830028328612,0.208899013520404
10.19108280254777,0.2073445185384968
10.183875530410184,0.20677456522506057
10.17667844522968,0.2072077655171754
10.16949152542373,0.20775937095932362
10.162314749470712,0.20765197520727438
10.155148095909732,0.21110451655573242
10.14799154334038,0.20798677170313196
10.140845070422536,0.20754674551988864
10.133708655876143,0.20733927228338334
10.126582278481012,0.2068053442026312
10.119465917076598,0.2094595408302374
10.112359550561798,0.21080350376990833
10.105263157894738,0.2093194355941102
10.098176718092564,0.20853378781089
10.091100210231254,0.20726624909265853
10.084033613445378,0.207189201929817
10.07697690692792,0.20680283034743988
10.06993006993007,0.20672564990689155
10.062893081761006,0.20597154760180006
10.05586592178771,0.20632281776372838
10.048848569434751,0.20782557236840615
10.0418410041841,0.20713610117392037
10.034843205574912,0.20710657938163227
10.027855153203342,0.20713694805903046
10.020876826722338,0.20805799215537923
10.013908205841446,0.2110170192856004
10.006949270326617,0.2368339378573008
10.0,0.2823789443399941
9.993060374739764,0.2334876412287729
9.98613037447989,0.21032591857105373
9.97920997920998,0.20709063441854125
9.97229916897507,0.20629486893012916
9.965397923875432,0.20557970844202414
9.95850622406639,0.20512891334720235
9.95162404975812,0.20409183634771597
9.94475138121547,0.2037774685176966
9.937888198757763,0.2030100186578929
9.93103448275862,0.20262511687618062
9.924190213645762,0.2031925062153676
9.917355371900827,0.2038862472879509
9.910529938059188,0.20441384286461722
9.903713892709764,0.20344617401351464
9.896907216494846,0.20183488811306333
9.89010989010989,0.20130202307860195
9.883321894303364,0.20171222909110836
9.876543209876544,0.20155385769143036
9.869773817683344,0.2020148655836958
9.863013698630136,0.20184091681746627
9.856262833675563,0.20135905841545376
9.84952120383037,0.20130839342769954
9.842788790157211,0.20107876756229062
9.836065573770492,0.20087943057229815
9.829351535836178,0.20083016872111514
9.822646657571624,0.2006491163576856
9.8159509202454,0.19936213725494806
9.809264305177113,0.19907583843161566
9.802586793737236,0.19924638047137136
9.79591836734694,0.20010605337774043
9.789259007477906,0.20021392183844583
9.782608695652174,0.1999257020940073
9.775967413441954,0.19945941671779738
9.76933514246947,0.20021105909839576
9.76271186440678,0.19929905780957352
9.75609756097561,0.1981886209064608
9.74949221394719,0.19896495274219372
9.742895805142084,0.19948437058609347
9.73630831643002,0.19905871903414152
9.72972972972973,0.19841195424638317
9.723160027008776,0.19855342646893795
9.7165991902834,0.19777858843711832
9.71004720161834,0.19774426997159422
9.703504043126683,0.19811649134409687
9.696969696969695,0.19713172014945587
9.69044414535666,0.19637878198237543
9.68392737054472,0.19639014411244438
9.67741935483871,0.19696768396515024
9.670920080591,0.19641621247458882
9.664429530201344,0.1971537610620211
9.6579476861167,0.19731000075089056
9.6514745308311,0.19690663815937104
9.645010046885464,0.19714301721055655
9.63855421686747,0.1964057402183241
9.63210702341137,0.19620456176057277
9.62566844919786,0.19634841892868016
9.619238476953909,0.195309038079545
9.612817089452603,0.195908110360465
9.606404269513009,0.1959536607262339
9.6,0.19662633073015454
9.593604263824115,0.1965647882298841
9.587217043941411,0.19616288812814542
9.580838323353294,0.19597302550776777
9.574468085106382,0.1950992477092522
9.56810631229236,0.19379912051325363
9.56175298804781,0.1943332685759507
9.555408095554082,0.19424557002681986
9.549071618037136,0.1933588385804581
9.542743538767397,0.19348504723502022
9.536423841059602,0.1931435875924534
9.530112508272667,0.19374408865182785
9.523809523809524,0.1932666496877779
9.517514871116989,0.1934961490600323
9.511228533685602,0.19290012736186038
9.504950495049505,0.19297129434574645
9.49868073878628,0.1928980390800004
9.49241924851681,0.19222189128495673
9.48616600790514,0.19252261355680472
9.479921000658328,0.19321919101278676
9.473684210526317,0.19277737360569205
9.467455621301776,0.19144768575544216
9.461235216819974,0.19089562007641922
9.455022980958631,0.19128762986999423
9.448818897637794,0.19101356255552446
9.442622950819672,0.19098260066739264
9.43643512450852,0.1915786133779734
9.430255402750491,0.1916576642853221
9.424083769633508,0.19110981481328107
9.417920209287116,0.19082444887422242
9.411764705882351,0.1892787062056195
9.405617243631614,0.18917507199257175
9.39947780678851,0.1897199161309017
9.393346379647747,0.1897622150862407
9.38722294654498,0.18934541619306866
9.381107491856678,0.19035760694749065
9.375,0.18986232626513447
9.36890045543266,0.1890972324255327
9.362808842652797,0.18954730091866395
9.35672514619883,0.18869587690912643
9.350649350649352,0.18873412331693204
9.34458144062297,0.18883130892363983
9.33852140077821,0.18838499632250447
9.33246921581335,0.18856542865317363
9.326424870466322,0.18802826450719912
9.320388349514564,0.1884039625704264
9.314359637774904,0.18770457556324627
9.308338720103428,0.18762739085960287
9.30232558139535,0.18669491204191796
9.296320206584896,0.18748658113792396
9.29032258064516,0.188018093899466
9.284332688588009,0.18735294170365607
9.278350515463918,0.187503412345458
9.27237604636188,0.18656254089663715
9.266409266409267,0.18657184376681937
9.260450160771704,0.1874345678678861
9.254498714652955,0.18726404084216824
9.248554913294798,0.18731401213983268
9.242618741976894,0.18573239628959096
9.236690186016675,0.18617044319735052
9.23076923076923,0.1867156994815747
9.224855861627162,0.18670417160391073
9.218950064020486,0.1860034419619364
9.213051823416508,0.18571409557706034
9.207161125319692,0.18584075794785765
9.201277955271566,0.18566580044364323
9.195402298850574,0.18615723597812422
9.189534141671984,0.18615644695587255
9.183673469387756,0.18533600294509078
9.177820267686425,0.18533218947451235
9.171974522292992,0.18478803094541185
9.16613621896881,0.18465584431075333
9.160305343511451,0.18495727090396732
9.154481881754608,0.1844928594363365
9.14866581956798,0.1841905513597344
9.142857142857142,0.18412098424050444
9.137055837563452,0.18378443786078394
9.13126188966392,0.18338498697124272
9.125475285171104,0.1835176550000122
9.119696010132996,0.18311562563888514
9.113924050632912,0.18265161019861453
9.108159392789377,0.1829869389881117
9.102402022756005,0.18275994443626278
9.096651926721414,0.1822124720741324
9.090909090909092,0.18300954749627618
9.085173501577287,0.1827276848320874
9.079445145018916,0.1821840436390739
9.073724007561436,0.18236477225484038
9.06801007556675,0.1831648571217003
9.06230333543109,0.18179260944424225
9.056603773584904,0.18152643754070544
9.050911376492772,0.18124189755125883
9.045226130653266,0.18149741622790422
9.03954802259887,0.18123001105183728
9.03387703889586,0.18116804454159982
9.028213166144202,0.18198786308435794
9.022556390977444,0.180946110746856
9.016906700062616,0.18040977572564276
9.011264080100124,0.1810611957930127
9.00562851782364,0.18062172286608322
9.0,0.18184811571205672
8.994378513429107,0.18163481129022038
8.98876404494382,0.1808425665497177
8.983156581409856,0.18065988102213354
8.977556109725686,0.1808653593098753
8.97196261682243,0.1807558069452917
8.966376089663761,0.18031473831924716
8.9607965152458,0.17988735091914115
8.955223880597016,0.1799303513281888
8.949658172778124,0.17932894070574565
8.944099378881987,0.1790502076460161
8.938547486033519,0.17939726359460775
8.933002481389579,0.1797821105651801
8.927464352138871,0.17908928109364108
8.921933085501859,0.17935516125912904
8.91640866873065,0.18060645210082127
8.910891089108912,0.17907739805388773
8.905380333951763,0.17907007193862964
8.899876390605687,0.1798976485706812
8.894379246448425,0.178820484702038
8.88888888888889,0.1778152602589389
8.883405305367058,0.17827807017833502
8.877928483353884,0.1782014934837612
8.872458410351202,0.1774896479804396
8.866995073891625,0.1773440533111344
8.861538461538462,0.1770635141151449
8.85608856088561,0.17836538043387737
8.850645359557468,0.17885476434372582
8.845208845208845,0.17796368014148348
8.839779005524862,0.17775795554548401
8.83435582822086,0.17669540617702373
8.828939301042306,0.17744147934617294
8.823529411764707,0.17796171357924045
8.818126148193508,0.17639132024189166
8.812729498164014,0.1763649202942221
8.807339449541285,0.17620515236204037
8.80195599022005,0.1763583193038614
8.796579108124618,0.17543675079101445
8.79120879120879,0.17526592218037637
8.785845027455766,0.17588083211831532
8.78048780487805,0.17618986383250332
8.775137111517369,0.17529860617845835
8.76979293544458,0.17521300213870172
8.764455264759587,0.1753727309326623
8.75912408759124,0.17495315692463126
8.753799392097264,0.1747186187556999
8.748481166464156,0.1750752733572315
8.743169398907103,0.17475246114700355
8.737864077669903,0.1754104837594173
8.732565191024865,0.17583724342958065
8.727272727272728,0.1755888239169783
8.72198667474258,0.17452913309941037
8.716707021791768,0.17398536234774792
8.711433756805807,0.17474649836681783
8.706166868198308,0.17514011145461514
8.700906344410877,0.17476252880918422
8.695652173913043,0.17242831582935267
8.690404345202172,0.17337135036025436
8.685162846803378,0.17270056631650835
8.679927667269439,0.1726125061883383
8.674698795180722,0.17316804809325356
8.669476219145093,0.17308468588522402
8.664259927797834,0.17274004045067393
8.659049909801563,0.17258748613545566
8.653846153846155,0.17252923458075273
8.648648648648647,0.17221480293042918
8.643457382953182,0.17247042283886144
8.638272345530893,0.17220296629844256
8.633093525179856,0.1724962128047165
8.627920910724985,0.17203087185141744
8.622754491017965,0.171525229674941
8.617594254937163,0.17210469343612553
8.61244019138756,0.1722671341966473
8.607292289300657,0.17171937228762596
8.602150537634408,0.17110895744867222
8.597014925373134,0.17075763974480845
8.591885441527447,0.1703310170216719
8.586762075134168,0.16993669329516536
8.581644815256258,0.17095341304739603
8.576533650982727,0.17438959638732268
8.571428571428571,0.1842961933876889
8.566329565734682,0.17386247694432208
8.561236623067776,0.16982918457464619
8.55614973262032,0.1704623976741674
8.551068883610451,0.17045396331529808
8.5459940652819,0.17023669430365673
8.540925266903916,0.16984149414469873
8.535862477771191,0.1698088081308148
8.530805687203792,0.17015116499248634
8.52575488454707,0.1702117926459942
8.520710059171599,0.1695696131169355
8.515671200473093,0.16921257167389753
8.51063829787234,0.16881319007160916
8.50561134081512,0.16841770381301358
8.500590318772137,0.16869414235837105
8.495575221238939,0.16934545975695042
8.49056603773585,0.16830438875206485
8.485562757807896,0.16905185492996092
8.480565371024735,0.16877039813452308
8.475573866980577,0.16860553216101565
8.470588235294118,0.1681590126743256
8.465608465608467,0.16787977287775255
8.460634547591068,0.1679379420921772
8.455666470933647,0.1679001240952023
8.450704225352112,0.1683114779141948
8.44574780058651,0.1680161176794346
8.440797186400937,0.1680103075172628
8.43585237258348,0.16773429784842936
8.430913348946136,0.166939922713191
8.42598010532475,0.16602115296256562
8.421052631578947,0.166502553509392
8.416130917592051,0.16665288244805443
8.411214953271028,0.16507698135072124
8.40630472854641,0.1655985702883057
8.401400233372229,0.16549095788846094
8.396501457725948,0.1651851344968184
8.391608391608392,0.16610521731051342
8.38672102504368,0.16680231956766864
8.381839348079161,0.16611185134540854
8.37696335078534,0.1655300102200983
8.372093023255813,0.16629534351415926
8.367228355607205,0.16571188472956946
8.362369337979095,0.16524603252104378
8.357515960533952,0.16482446950221072
8.352668213457077,0.1647946595934128
8.347826086956522,0.16451240743524514
8.342989571263036,0.16435428536666224
8.338158656629995,0.1644873641954109
8.333333333333334,0.16558227805611375
8.328513591671486,0.1641724405610132
8.323699421965317,0.16443972163717513
8.31889081455806,0.16479498851355132
8.314087759815243,0.16432015105393674
8.30929024812464,0.1642045791926145
8.304498269896193,0.16381834728909322
8.29971181556196,0.16423992796467557
8.294930875576037,0.16425296969721326
8.290155440414509,0.16343236940615397
8.285385500575375,0.16317929510166537
8.280621046578494,0.16312371965717504
8.275862068965518,0.16358811559348882
8.271108558299828,0.16259166173796613
8.266360505166476,0.16287383149139004
8.261617900172118,0.16358842534850151
8.256880733944953,0.16242302880194412
8.25214899713467,0.16304471858031822
8.247422680412372,0.16260531484997212
8.242701774470522,0.16272722614682367
8.237986270022883,0.16187319958072713
8.23327615780446,0.16117128876504894
8.22857142857143,0.16157884991117769
8.223872073101086,0.16186036925943026
8.21917808219178,0.16178213499743135
8.214489446662864,0.16141249848978273
8.209806157354619,0.16157390151974213
8.205128205128206,0.16103960623108693
8.200455580865604,0.16121440336722295
8.19578827546955,0.1607569632450794
8.19112627986348,0.1603514704669008
8.186469584991473,0.16054455076375718
8.181818181818182,0.16071727778588674
8.177172061328791,0.16029420719287546
8.172531214528943,0.16072137955669977
8.167895632444697,0.1603699106915819
8.16326530612245,0.1599140899507078
8.158640226628895,0.15988769573434133
8.154020385050963,0.15941811026086714
8.149405772495756,0.15875117316465348
8.144796380090497,0.1596105322472528
8.140192198982476,0.15931360901694863
8.135593220338983,0.15925313599504945
8.130999435347261,0.15914583395358353
8.126410835214447,0.15844238934670934
8.121827411167512,0.15884905722309212
8.117249154453214,0.1587050561681633
8.112676056338028,0.15854744879116614
8.108108108108109,0.15858306364015112
8.103545301069218,0.1577111672350638
8.098987626546682,0.15736619051241718
8.094435075885329,0.15770496162036984
8.089887640449438,0.15660533839873886
8.085345311622683,0.15806964772263524
8.080808080808081,0.1592642450279479
8.07627593942793,0.15923718270649947
8.071748878923767,0.1572843276007881
8.067226890756302,0.15707326036948843
8.062709966405375,0.15774235898154654
8.058198097369894,0.15736801294557415
8.053691275167786,0.1571182239320074
8.049189491335941,0.15724544985480637
8.044692737430168,0.156282619853077
8.040201005025125,0.15574637431537347
8.035714285714286,0.15566202175871563
8.031232571109872,0.15633087746498964
8.02675585284281,0.15549983668323367
8.022284122562674,0.15514593727025175
8.017817371937639,0.15586750222162216
8.013355592654424,0.15546519390074237
8.008898776418242,0.15503342686042282
8.004446914952752,0.15577719363652656
8.0,0.15794097624237002
7.995558023320377,0.15638459788556353
7.991120976692565,0.15502671463717194
7.986688851913477,0.15489543270624703
7.982261640798227,0.15406655157106186
7.977839335180056,0.154210730122298
7.973421926910299,0.15423095924446747
7.969009407858329,0.15433637165672917
7.964601769911504,0.15390763646979225
7.960199004975125,0.15320020484807167
7.955801104972376,0.1533405177433411
7.951408061844284,0.15346205017501494
7.947019867549669,0.15289005993296717
7.942636514065085,0.15269489832870514
7.938257993384784,0.15223972208970704
7.933884297520661,0.1519254083172949
7.929515418502202,0.15224474438750504
7.925151348376445,0.15253895832237688
7.920792079207921,0.15259976050274865
7.916437603078614,0.15200826410524593
7.912087912087912,0.15175671691122977
7.907742998352553,0.1516528170101332
7.903402854006587,0.1504137122343409
7.899067471201317,0.15080986788830233
7.894736842105263,0.15134519475587505
7.89041095890411,0.15084460122110135
7.886089813800657,0.1512668733952674
7.881773399014779,0.15090965841026646
7.87746170678337,0.15021386091083433
7.873154729360306,0.15050154666974555
7.868852459016394,0.15008651294844655
7.864554888039322,0.1493014277426891
7.860262008733625,0.15014131210862014
7.855973813420622,0.15019221320115078
7.851690294438385,0.1496682993672358
7.84741144414169,0.14912682149471135
7.84313725490196,0.14880664615589279
7.838867719107239,0.15087945927769753
7.834602829162133,0.15028057071073694
7.830342577487765,0.14894681675432064
7.82608695652174,0.14812329354160605
7.821835958718088,0.14769492109934196
7.81758957654723,0.14833235741330056
7.81334780249593,0.1478220409028124
7.809110629067245,0.14710615908282537
7.804878048780488,0.14694296194939618
7.8006500541711805,0.14718329740377548
7.796426637791011,0.14728865814720044
7.792207792207793,0.14731944201699557
7.787993510005408,0.14674550906637762
7.783783783783784,0.14585196272644055
7.779578606158833,0.14548647264667935
7.775377969762419,0.14594588748982704
7.77118186724231,0.1449741025043683
7.766990291262136,0.14539335006773618
7.762803234501349,0.14576103058437287
7.758620689655173,0.1451728137358582
7.754442649434571,0.145299517364498
7.750269106566201,0.1450817172239891
7.746100053792361,0.14431908031942808
7.741935483870967,0.14388636069543945
7.737775389575497,0.14448446369728765
7.733619763694951,0.14448455924463535
7.729468599033817,0.14341059981788407
7.725321888412017,0.14276623765993213
7.721179624664878,0.1431473870685219
7.717041800643087,0.14335431507572213
7.71290840921264,0.1431661872725448
7.708779443254818,0.14261672563332092
7.704654895666132,0.1426071159198689
7.700534759358288,0.1420830347473955
7.696419027258151,0.14248213167696375
7.692307692307692,0.14291097503313507
7.688200747463962,0.14206668225314378
7.68409818569904,0.14152202696377517
7.68,0.14126887034209795
7.675906183368871,0.14160803651415774
7.671816728822589,0.14119747315621445
7.667731629392972,0.14074501568091186
7.663650878126663,0.14064384250011822
7.659574468085106,0.14009153628124718
7.655502392344498,0.1404840594155428
7.651434643995749,0.14032315604427736
7.64737121614445,0.13980561922031048
7.643312101910828,0.13956037552068914
7.639257294429708,0.13924675731921768
7.635206786850477,0.13885718383125428
7.631160572337043,0.13917356163332104
7.627118644067796,0.1391750482975704
7.623080995235575,0.13860607083120727
7.619047619047619,0.13881867006102455
7.615018508725543,0.13799851448410763
7.610993657505285,0.13740936614541072
7.606973058637084,0.1378969070600414
7.602956705385428,0.1379812047765642
7.598944591029023,0.13726179789485787
7.59493670886076,0.13664994540786865
7.590933052187665,0.13668489410898468
7.586933614330874,0.13680494463528686
7.582938388625592,0.13687443324418844
7.578947368421052,0.13641887910764172
7.574960547080485,0.13653881627519435
7.570977917981073,0.13565723574860789
7.566999474513925,0.13521056825589747
7.563025210084034,0.13547976194587602
7.559055118110236,0.13552548840019119
7.555089192025183,0.13517864526717852
7.551127425275301,0.13524193921139205
7.547169811320754,0.13505993788299922
7.543216343635412,0.13417155023189967
7.539267015706806,0.13437995227772787
7.535321821036106,0.13400270227470112
7.531380753138076,0.1330845766671829
7.527443805541035,0.1335323688940594
7.523510971786835,0.13399930306401817
7.51958224543081,0.1339002216480274
7.515657620041753,0.1335128925706877
7.511737089201878,0.1333408184209922
7.507820646506778,0.13344022482881532
7.5039082855654,0.1373112746728578
7.5,0.14814832279102857
7.496095783446122,0.13688185480786944
7.49219562955255,0.13260066924754355
7.488299531981279,0.13215240054999755
7.484407484407485,0.13180511562112127
7.48051948051948,0.1317058242845707
7.4766355140186915,0.13115899895123373
7.472755578619616,0.13083487854432266
7.468879668049793,0.13055804009899954
7.465007776049766,0.13006122421266775
7.461139896373057,0.1303325103394802
7.457276022786121,0.13024766971181836
7.453416149068324,0.13066559604188074
7.449560269011899,0.13119980228509406
7.445708376421923,0.12934787160807404
7.441860465116279,0.1287144177872652
7.43801652892562,0.1285482099173776
7.434176561693341,0.12814647922587727
7.430340557275541,0.12801210064255078
7.426508509541,0.12789077995601714
7.422680412371134,0.1276597428215012
7.418856259659969,0.12743387233577488
7.415036045314109,0.12776591577279006
7.411219763252702,0.12782058507370664
7.4074074074074066,0.12757013842262135
7.403598971722365,0.12728010752958516
7.399794450154162,0.1273025072636108
7.395993836671802,0.12635146331243882
7.392197125256674,0.12702577215457883
7.388404309902514,0.1267328678537029
7.384615384615385,0.12701455343992568
7.380830343413634,0.1275040788490666
7.377049180327869,0.1281772807417355
7.373271889400922,0.12816484183785257
7.36949846468782,0.12774433749492956
7.365728900255755,0.1271922936022487
7.361963190184049,0.1261145605881781
7.358201328564128,0.1253775191862945
7.35444330949949,0.12512617340323837
7.350689127105666,0.12454870998013752
7.346938775510205,0.12407055012343417
7.343192248852627,0.12425351065046361
7.339449541284403,0.12400869203286898
7.335710646968925,0.12395356559067652
7.331975560081466,0.12318127869816607
7.328244274809161,0.12259546932790936
7.3245167853509665,0.12282731686308057
7.32079308591764,0.12284388987713452
7.317073170731708,0.12359338872664762
7.313357034027425,0.12282043848761011
7.309644670050761,0.12248102172744015
7.305936073059361,0.12222719680541529
7.302231237322514,0.12145997219252883
7.298530157121136,0.1219905438388018
7.29483282674772,0.12188849461190121
7.291139240506329,0.12116084004982193
7.287449392712551,0.12049795319818786
7.283763277693475,0.12074298618473137
7.280080889787665,0.12081236091100653
7.276402223345124,0.1207354422088931
7.272727272727272,0.12055403856119602
7.269056032306916,0.12026666252116223
7.265388496468214,0.11984796384077576
7.261724659606657,0.11998162171206328
7.258064516129032,0.11941325702961109
7.2544080604534,0.11948151694471394
7.250755287009063,0.11963989167224832
7.247106190236537,0.11925362845330677
7.243460764587525,0.1188110256174418
7.239819004524887,0.11866005317641866
7.236180904522612,0.11869999102717813
7.232546459065796,0.11820187146417548
7.228915662650603,0.11800374164487414
7.225288509784244,0.11829523497783546
7.221664994984955,0.11844984174637181
7.218045112781954,0.11767842881009717
7.214428857715431,0.11726172839661454
7.210816224336504,0.11715781652263017
7.207207207207206,0.1176724225028262
7.203601800900451,0.11795446471691313
7.199999999999999,0.11751707809220979
7.1964017991004505,0.11719335434100499
7.192807192807193,0.11679095541108588
7.189216175736395,0.11636098705543736
7.185628742514971,0.11636190064934411
7.182044887780548,0.11583851659983561
7.178464606181456,0.11520822287094239
7.174887892376682,0.1156764477074004
7.171314741035856,0.11592220945373498
7.167745146839224,0.11637387043190209
7.164179104477612,0.11608434111767173
7.160616608652412,0.11584391510315305
7.157057654075547,0.1158968745879085
7.153502235469448,0.11541068101770974
7.149950347567032,0.11466177776790608
7.146401985111663,0.11427642350724808
7.142857142857142,0.1148631428747359
7.139315815567675,0.11435296214072778
7.135777998017839,0.11404454989441343
7.132243684992571,0.11414495536855022
7.128712871287129,0.1143123288841229
7.125185551707075,0.11361953587221449
7.121661721068249,0.11320612692850522
7.118141374196737,0.11290370251085886
7.114624505928854,0.11269434906508342
7.111111111111111,0.11300727354275479
7.107601184600197,0.11357908215247504
7.104094721262951,0.11253846039761191
7.100591715976331,0.11155889376902567
7.097092163627403,0.11145589015024698
7.093596059113301,0.11160422264777883
7.090103397341211,0.11169270176843792
7.086614173228347,0.11136510910966409
7.083128381701918,0.11136794867222731
7.079646017699115,0.11101346048329917
7.076167076167076,0.11080872823563967
7.072691552062868,0.11144319448761861
7.069219440353462,0.11105987137621881
7.065750736015701,0.11052151568467193
7.062285434036292,0.11038929295070307
7.0588235294117645,0.1110669556780243
7.055365017148456,0.1108430943131419
7.051909892262488,0.11011168134216759
7.048458149779735,0.10935134498905329
7.045009784735812,0.10963208174135093
7.04156479217604,0.10984049074822634
7.038123167155425,0.10958183628423294
7.034684904738643,0.10901521884769545
7.03125,0.10882872347084294
7.027818448023425,0.10983428598251226
7.024390243902439,0.10987806940438129
7.020965382740126,0.10940095086931471
7.017543859649123,0.10891160604844895
7.014125669751583,0.10870761496098572
7.010710808179162,0.10853377717848317
7.007299270072993,0.10872487137418176
7.003891050583658,0.10911792810376494
7.000486144871172,0.10989673139975753
6.997084548104956,0.10878516962786057
6.993686255463817,0.10785632248126566
6.990291262135923,0.10746712043937845
6.986899563318778,0.1082057021472928
6.983511154219204,0.10840516858573013
6.980126030053321,0.10763984044172283
6.976744186046512,0.10748937665622278
6.973365617433415,0.10724672662474966
6.96999031945789,0.10682161272868228
6.966618287373004,0.10690178975794055
6.963249516441006,0.1063288946498138
6.959884001933301,0.10640396960285613
6.956521739130436,0.10630514795526357
6.953162723322067,0.10561827163652601
6.949806949806949,0.10558728750672022
6.946454413892909,0.105946540662346
6.943105110896817,0.1056833088654401
6.939759036144579,0.10528815648606488
6.936416184971098,0.10596173855445178
6.933076552720269,0.10611705572795821
6.929740134744947,0.10514958786273998
6.926406926406926,0.10503141900689136
6.923076923076923,0.10488191214562864
6.919750120134551,0.1042549012774767
6.916426512968299,0.10424308439582788
6.9131060969755165,0.1044659736626034
6.90978886756238,0.10459044909943925
6.906474820143885,0.10480476740731981
6.903163950143816,0.10426295088948498
6.899856252994729,0.10365126472959814
6.896551724137932,0.10321699349807514
6.893250359023456,0.10392082910939404
6.889952153110047,0.10390057122907566
6.886657101865136,0.10387824254362388
6.8833652007648185,0.10364938501867954
6.880076445293837,0.10314096007120321
6.876790830945558,0.1030481606379515
6.873508353221957,0.10288118115577977
6.870229007633588,0.10273705206082044
6.866952789699571,0.10252844699583082
6.86367969494757,0.10275857302339086
6.860409718913768,0.10246991670195615
6.857142857142857,0.10208840299487942
6.853879105188006,0.10229892691080918
6.850618458610847,0.10205469476848959
6.847360912981456,0.10153197547269806
6.844106463878327,0.10139115386238153
6.840855106888361,0.10143587742640986
6.837606837606838,0.1013094502164765
6.834361651637399,0.10150321471901648
6.831119544592029,0.1013416922097882
6.827880512091038,0.10161870084118402
6.824644549763033,0.10134415136556779
6.821411653244908,0.10111239231122515
6.818181818181818,0.10081620887587629
6.814955040227165,0.10054549828970358
6.811731315042573,0.10073280521878403
6.808510638297872,0.10059240970817342
6.805293005671078,0.10022959146260906
6.80207841284837,0.10038945073969771
6.798866855524079,0.10001887193068457
6.795658329400661,0.09985230210405728
6.792452830188679,0.09951004867374379
6.78925035360679,0.09973157341232163
6.786050895381716,0.09961462752915258
6.782854451248233,0.09894009612198887
6.779661016949153,0.0988980098051727
6.776470588235294,0.09930025503527551
6.773283160865476,0.09878316970990692
6.770098730606488,0.09853688583674294
6.7669172932330826,0.09875174513883524
6.763738844527948,0.09861554200241503
6.76056338028169,0.09832763627216515
6.75739089629282,0.09818374897030932
6.75422138836773,0.0979067817952619
6.751054852320674,0.09772219078925452
6.747891283973758,0.0977073335184667
6.744730679156909,0.09778859291781701
6.741573033707865,0.09814426203272605
6.738418343472158,0.09782333665614314
6.735266604303087,0.09727517821523259
6.732117812061712,0.09789736478000637
6.728971962616822,0.09788953300374267
6.725829051844932,0.09728483431388268
6.722689075630252,0.09722321888565064
6.719552029864675,0.09664611491629672
6.7164179104477615,0.09641309210223808
6.713286713286713,0.09651753125542743
6.710158434296365,0.09651436438627439
6.707033069399162,0.09658559642193265
6.70391061452514,0.0963856156939164
6.700791065611913,0.09643457644741586
6.697674418604652,0.09595487921179732
6.694560669456067,0.09586277837032237
6.691449814126394,0.09616914581062691
6.688341848583372,0.09566324687565031
6.685236768802228,0.09525370124806141
6.682134570765662,0.09514971901977813
6.679035250463822,0.09520606886615596
6.675938803894298,0.09526787365788535
6.672845227062094,0.09573044196026316
6.66975451597962,0.09887703425702726
6.666666666666667,0.10731500600286725
6.663581675150393,0.09904971520352805
6.66049953746531,0.0954519238321697
6.657420249653259,0.0945651991083962
6.654343807763401,0.09474433589285333
6.651270207852194,0.09450164525522615
6.648199445983379,0.09416116712759023
6.6451315182279656,0.09397268065699499
6.642066420664206,0.09397885200143691
6.639004149377593,0.09349177190113005
6.63594470046083,0.09320410721181262
6.632888070013818,0.09306526523823153
6.6298342541436455,0.09285809942186989
6.626783248964565,0.0926820238359057
6.623735050597976,0.09280339702725302
6.620689655172415,0.09264134420866724
6.617647058823529,0.09247384854378524
6.6146072576940735,0.09246750956001495
6.6115702479338845,0.0923018008562892
6.608536025699862,0.09261562567498616
6.605504587155964,0.0920010800221944
6.6024759284731775,0.09221036514124717
6.5994500458295136,0.0924421582901662
6.596426935409987,0.09214512822302205
6.593406593406593,0.09149980330847794
6.590389016018307,0.09145939583492221
6.587374199451053,0.09206340392557014
6.584362139917695,0.0913379251245647
6.581352833638026,0.09095550702113404
6.578346276838739,0.09090676989112877
6.575342465753425,0.09057308083564372
6.572341396622547,0.09054011818303162
6.56934306569343,0.09069477777802444
6.566347469220246,0.09022077423731449
6.563354603463993,0.09061886808157359
6.560364464692483,0.09093406178009592
6.557377049180328,0.09051482288381217
6.554392353208921,0.09001122483001407
6.551410373066425,0.08980402277740633
6.548431105047749,0.08982375869714374
6.545454545454545,0.08986027549283795
6.542480690595184,0.08973668972120132
6.539509536784741,0.08936110677540222
6.536541080344985,0.08949832606094194
6.533575317604356,0.08940875851119438
6.530612244897958,0.08897413665958041
6.527651858567543,0.08937682198147469
6.524694154961486,0.08924670766020543
6.521739130434783,0.08927416664101814
6.518786781349027,0.0887619941357866
6.515837104072398,0.08850071179579107
6.512890094979648,0.08856680971957422
6.509945750452079,0.08844264698707799
6.507004066877542,0.08804375949274124
6.504065040650406,0.08817538279930334
6.501128668171557,0.0884206088595926
6.498194945848375,0.0881664432951696
6.495263870094722,0.0879046234268775
6.4923354373309285,0.08802839399818937
6.489409643983777,0.08804241874130553
6.486486486486486,0.0877229886115145
6.483565961278703,0.08743578846534128
6.480648064806481,0.08699114835117952
6.477732793522267,0.08699205114411122
6.474820143884893,0.08692313485552247
6.47191011235955,0.08702115980055818
6.469002695417791,0.08694444744199456
6.466097889537495,0.0865750411043794
6.463195691202872,0.08655884003988068
6.460296096904441,0.08674163333282084
6.457399103139013,0.08662748927416589
6.454504706409682,0.08653437509149438
6.451612903225807,0.08648332468035293
6.448723690103,0.08643615720330783
6.445837063563116,0.08649385544198794
6.442953020134228,0.08613058024362892
6.440071556350627,0.0861208808218704
6.437192668752794,0.08589862748615634
6.434316353887399,0.08586836840475531
6.431442608307281,0.08620535084693114
6.428571428571429,0.08585842327821952
6.425702811244979,0.08547180119720775
6.422836752899197,0.08551311270714178
6.4199732501114575,0.08533770953531887
6.417112299465241,0.08515456476777257
6.414253897550111,0.08479199008819945
6.411398040961709,0.08470570849657914
6.408544726301736,0.08488792382067699
6.405693950177936,0.08509586624922556
6.402845709204091,0.08512993626048287
6.4,0.08536498722218977
6.39715681919147,0.08472426446970091
6.394316163410302,0.08415492596488879
6.391478029294274,0.08348811378142737
6.388642413487134,0.0836374858991974
6.385809312638581,0.08476261314925637
6.382978723404255,0.0847297845922451
6.380150642445725,0.0841554256261204
6.377325066430469,0.083923033822755
6.374501992031873,0.08418520893650147
6.371681415929204,0.08366183419464936
6.368863334807607,0.08361354139176118
6.366047745358091,0.08367174389360607
6.363234644277508,0.0836265873733871
6.360424028268551,0.08319543582301686
6.357615894039736,0.08303681177786228
6.354810238305384,0.08313466100798093
6.35200705778562,0.08300970332643323
6.349206349206349,0.0828362889812922
6.34640810929925,0.08310153222948728
6.343612334801763,0.08312674266565952
6.340819022457067,0.08238590711982569
6.338028169014085,0.08261253176021169
6.335239771227453,0.08310904422980135
6.332453825857519,0.08318903957750401
6.32967032967033,0.08322812551556777
6.3268892794376095,0.08285228227244404
6.32411067193676,0.08303456251434886
6.321334503950834,0.08290186538574269
6.318560772268539,0.08271195699107892
6.315789473684211,0.0828332918332203
6.313020604997808,0.08257155077950072
6.3102541630149,0.08221998729948198
6.307490144546649,0.08201061181852425
6.304728546409807,0.0823205219207551
6.301969365426697,0.08180140330422717
6.299212598425196,0.08165493869755334
6.2964582422387405,0.08149038411649416
6.293706293706294,0.08132204513568385
6.290956749672346,0.08139026279698121
6.2882096069869,0.08134102011603012
6.285464862505456,0.08120893968166648
6.282722513089005,0.08132613610676616
6.279982555604012,0.08114556243021638
6.277244986922406,0.08118579346054397
6.274509803921569,0.0808592557847373
6.2717770034843205,0.08110140149455988
6.269046582498911,0.08075403657882509
6.266318537859008,0.08074914296853578
6.26359286646368,0.08078015415534023
6.260869565217392,0.0809493695214082
6.258148631029987,0.08084832340503166
6.255430060816681,0.08069626111654178
6.252713851498046,0.08055540108303741
6.25,0.08104352135008706
6.247288503253797,0.08062571490335904
6.2445793581960105,0.08051546922540948
6.24187256176853,0.08021987875824531
6.239168110918545,0.08041634399973205
6.236466002598528,0.08006362641306931
6.233766233766233,0.08001935894066163
6.231068801384682,0.0802298379918432
6.228373702422145,0.07968729646319007
6.22568093385214,0.0796010633064972
6.222990492653414,0.07940828700741707
6.220302375809935,0.07984484145686639
6.217616580310881,0.08001176200843227
6.214933103150625,0.07944750654198154
6.2122519413287325,0.0794360197112669
6.209573091849936,0.07952703663625398
6.206896551724138,0.07975201316177506
6.204222317966394,0.0794756629036344
6.201550387596899,0.07921619502466935
6.198880757640982,0.07930603213227819
6.196213425129088,0.07927636994483561
6.193548387096774,0.07902017667910168
6.190885640584695,0.07875895411357554
6.188225182638591,0.07915008923535218
6.185567010309279,0.07910417508839769
6.182911120652641,0.07846268524546965
6.180257510729613,0.07823230518019103
6.177606177606178,0.078850058325303
6.174957118353345,0.07866585090602247
6.172310330047149,0.07841165139654344
6.169665809768638,0.07839015212389278
6.167023554603854,0.07820219862206944
6.164383561643836,0.07834558929884042
6.161745827984595,0.07843526121625966
6.159110350727117,0.07831791470801214
6.156477126977341,0.07820698077590978
6.153846153846153,0.0784522989588827
6.151217428449381,0.07852882924149145
6.148590947907771,0.07859533742055032
6.145966709346991,0.07822122411564181
6.143344709897611,0.07787797190118208
6.140724946695096,0.07804315295317273
6.138107416879796,0.07821541366259328
6.135492117596932,0.07803329731363602
6.132879045996592,0.07783956954017406
6.130268199233717,0.07809234141446227
6.127659574468085,0.07782581696619059
6.125053168864314,0.07761877534479798
6.122448979591836,0.07796271510302777
6.119847003824904,0.07754255462762641
6.117247238742566,0.07723175674415264
6.114649681528662,0.07795906259253294
6.112054329371817,0.07794158416609111
6.109461179465423,0.0774249036366167
6.106870229007633,0.07730076712975005
6.104281475201357,0.07737468383150241
6.101694915254237,0.0771086300590137
6.099110546378653,0.0774616659565045
6.096528365791702,0.07738976234841853
6.093948370715192,0.07712108052376014
6.091370558375635,0.07678544088767005
6.088794926004228,0.07678291174179645
6.086221470836855,0.07693540935221822
6.083650190114069,0.07696638662522105
6.081081081081081,0.077023461191271
6.078514140987759,0.07695643308367439
6.075949367088608,0.07682301247985894
6.073386756642766,0.07667876309286857
6.070826306913997,0.07666639178970377
6.06826801517067,0.0763740681399948
6.065711878685763,0.07672368742143819
6.063157894736842,0.0767037619071705
6.0606060606060606,0.07657509442859783
6.058056373580143,0.07654948598692851
6.055508830950378,0.07648136770708847
6.05296343001261,0.07618881580499354
6.050420168067227,0.07591893815800636
6.047879042419152,0.07602486772060431
6.045340050377834,0.07614358348427505
6.042803189257239,0.07610709213021556
6.040268456375839,0.07609441797875445
6.037735849056604,0.07565232302802521
6.03520536462699,0.0755413520674768
6.0326770004189365,0.07569629189270687
6.030150753768845,0.07545387521250702
6.02762662201758,0.07507016658717164
6.025104602510461,0.07523974860652186
6.022584692597239,0.07527110597791872
6.020066889632108,0.07558963624955378
6.017551190973673,0.07577332437820732
6.015037593984962,0.07555452270305119
6.012526096033403,0.07560027070563662
6.010016694490818,0.075650525808007
6.007509386733417,0.07536359942919245
6.005004170141785,0.07550728512711936
6.002501042100875,0.07827613998463852
6.0,0.08534643553315666
5.99750104123282,0.07846389150318794
5.995004163197335,0.07566913682316857
5.992509363295881,0.07494039299705674
5.990016638935108,0.07487806477936575
5.987525987525988,0.07468842258032801
5.985037406483791,0.07474686682844131
5.982550893228084,0.07470085681287876
5.980066445182724,0.07485040409095271
5.9775840597758405,0.0746648673301756
5.975103734439834,0.07453577827926469
5.9726254666113645,0.07447562918298697
5.970149253731343,0.07448716837865585
5.967675093244924,0.07438227004339225
5.965202982601491,0.07439650905773523
5.962732919254659,0.07401820156917606
5.960264900662252,0.07409126011923473
5.957798924286305,0.07427801684450938
5.955334987593052,0.07412371208056796
5.952873088052915,0.07400658592451934
5.950413223140496,0.07400912340859321
5.947955390334573,0.07363762008215324
5.945499587118084,0.07368635228552624
5.943045810978127,0.07403033473487723
5.9405940594059405,0.07373658108433447
5.9381443298969065,0.07324270814961935
5.935696619950536,0.07339780810243243
5.933250927070457,0.07348040193288567
5.930807248764416,0.07353152379165828
5.928365582544257,0.07337721072352332
5.925925925925926,0.07296643947782187
5.923488276429453,0.07314254798704894
5.921052631578947,0.0734598607331838
5.9186189889025895,0.07325249342650579
5.916187345932621,0.07324440168960049
5.9137577002053385,0.07350204715900495
5.911330049261084,0.07316465953102809
5.908904390644235,0.07292596790344202
5.9064807219032,0.07311955261275391
5.904059040590406,0.07304638047128453
5.901639344262295,0.0731000998579414
5.899221630479312,0.07297903253150158
5.896805896805897,0.07272496521211319
5.894392140810479,0.07256003420962467
5.8919803600654665,0.07284087846257936
5.889570552147239,0.07249678586206802
5.887162714636141,0.07236976399379041
5.884756845116469,0.07256100471906449
5.88235294117647,0.07248317254077474
5.87995100040833,0.07249238289876232
5.877551020408163,0.07240304764858625
5.87515299877601,0.07253034207984314
5.872756933115824,0.07256190279720041
5.870362821035466,0.072283257151284
5.8679706601467,0.07230077654355027
5.865580448065173,0.07200334011528639
5.863192182410424,0.07181905961985162
5.86080586080586,0.07183419833856755
5.8584214808787625,0.07174581338441803
5.856039040260269,0.0716075088814128
5.853658536585366,0.07198541596458687
5.851279967492889,0.07182314179672865
5.848903330625507,0.07153760964038444
5.84652862362972,0.0716438842141344
5.8441558441558445,0.07170602712308882
5.841784989858012,0.0713016996209547
5.839416058394161,0.07168318546156016
5.837049047426024,0.07139444619776739
5.834683954619124,0.07115690466750042
5.832320777642771,0.07134899599468533
5.82995951417004,0.07092385921138983
5.827600161877782,0.07084040565069864
5.825242718446602,0.07097205281654725
5.822887181560857,0.07099835142183471
5.82053354890865,0.07115802284345814
5.818181818181818,0.07054705061626848
5.815831987075929,0.07058366432246073
5.813484053290271,0.07052340904723842
5.811138014527845,0.07032908183231175
5.8087938684953615,0.07035739078905145
5.806451612903226,0.0704117008743202
5.8041112454655375,0.07021197539036785
5.801772763900081,0.07030403949321014
5.799436165928312,0.0703722098483762
5.797101449275363,0.07013548904838388
5.79476861167002,0.07012811200218433
5.792437650844731,0.07038412691081025
5.790108564535585,0.0699677299961753
5.787781350482315,0.06983510222361908
5.785456006428284,0.06986303260388428
5.783132530120482,0.0699263873432325
5.780810919309514,0.06998087988583959
5.778491171749599,0.06974784181665733
5.776173285198556,0.07002681916941267
5.773857257417802,0.06980653864473718
5.771543086172345,0.06971359816505839
5.769230769230769,0.07039838200579791
5.766920304365239,0.06952162634790683
5.764611689351481,0.06986358345117002
5.762304921968787,0.06980898024644712
5.76,0.06978328622713297
5.757696921231507,0.06935106410649898
5.755395683453238,0.0689340856893642
5.75309628445865,0.0688751934759558
5.7507987220447285,0.06879790377121091
5.748502994011976,0.06896025735634356
5.746209098164405,0.06945963494434892
5.743917032309533,0.06879837529028919
5.741626794258373,0.06876464588507036
5.739338381825428,0.06854042196009233
5.7370517928286855,0.06844788181774508
5.734767025089606,0.06839786647981184
5.732484076433121,0.0685340695531332
5.730202944687624,0.06839968406178419
5.727923627684964,0.06811288099511778
5.725646123260438,0.06808676747949434
5.723370429252782,0.06791091673792578
5.721096543504172,0.06771231645137195
5.718824463860207,0.06807549144592286
5.7165541881699085,0.06806196035202539
5.714285714285714,0.0680948856746529
5.712019040063467,0.06747687489034873
5.70975416336241,0.06754067371284396
5.707491082045184,0.06769177622770052
5.7052297939778125,0.06719013497120707
5.702970297029704,0.06707186255200234
5.7007125890736345,0.06745539930881823
5.698456667985753,0.06770745858898537
5.69620253164557,0.06729432631679923
5.693950177935943,0.06699301237057997
5.691699604743083,0.0668816257950053
5.689450809956539,0.0670910710629833
5.687203791469194,0.0667073352326423
5.684958547177261,0.06653570486104486
5.682715074980268,0.0666529173295404
5.680473372781065,0.06657537225560789
5.678233438485805,0.06672751578500753
5.675995270003941,0.06661730901116232
5.673758865248227,0.06666717225598273
5.671524222134699,0.06621763853451544
5.669291338582677,0.06610685565973362
5.667060212514758,0.066186604340611
5.664830841856806,0.06589685759406849
5.662603224537948,0.06576455626348317
5.660377358490566,0.06623509766552936
5.658153241650294,0.06642667895498407
5.655930871956009,0.06630360915415102
5.653710247349824,0.06589552019741028
5.651491365777081,0.0659529185051517
5.649274225186348,0.06587783007830299
5.647058823529411,0.06592227942993453
5.64484515876127,0.06582004580649364
5.6426332288401255,0.06568926191417013
5.64042303172738,0.06539320897090757
5.638214565387627,0.06533078115849196
5.636007827788649,0.06521994957189436
5.633802816901409,0.06546304119440277
5.631599530700039,0.06565396765383429
5.629397967161845,0.06546167872453428
5.627198124267292,0.06492703747682259
5.625,0.06534884155947922
5.62280359234674,0.06546783088235923
5.620608899297424,0.06521157023429351
5.618415918845103,0.06521385742007724
5.61622464898596,0.06497214547360745
5.614035087719298,0.06501682027420617
5.611847233047545,0.06491155905041296
5.609661082976237,0.06467917621923225
5.607476635514018,0.06477947359204674
5.605293888672636,0.06440119183614822
5.603112840466926,0.06459296376927026
5.600933488914819,0.06513387082589189
5.598755832037325,0.06507777412133951
5.596579867858531,0.06476446662421666
5.594405594405595,0.06467846086237615
5.592233009708738,0.0646351881653757
5.590062111801243,0.06442462285904466
5.587892898719441,0.06414162474056685
5.585725368502715,0.06427885579134922
5.583559519193486,0.06401466660648275
5.5813953488372094,0.06439315618497594
5.5792328554823705,0.06432013546860167
5.57707203718048,0.0642755701471253
5.574912891986062,0.06383707838902944
5.572755417956657,0.06389941151733033
5.570599613152805,0.06413004029392387
5.56844547563805,0.06415538343457089
5.5662930034789335,0.06428141118803032
5.564142194744977,0.06404454671631203
5.561993047508691,0.06362205719452436
5.55984555984556,0.06352836653688748
5.557699729834041,0.06348561269651117
5.555555555555555,0.06343384748098005
5.553413035094485,0.0635837303985591
5.5512721665381655,0.06373543937403002
5.549132947976879,0.06353510479915421
5.546995377503852,0.06345980019747882
5.544859453215248,0.06341601449828711
5.542725173210162,0.06376339632536088
5.540592535590612,0.06343959222478614
5.538461538461538,0.06346247178154804
5.536332179930795,0.0636806155827331
5.534204458109147,0.06336435680294887
5.5320783711102575,0.06348130994272004
5.529953917050691,0.06296440533049215
5.527831094049904,0.06324171935540149
5.525709900230238,0.0632281118966482
5.523590333716916,0.06321690192487418
5.521472392638037,0.06303372850318724
5.519356075124568,0.0628096247668917
5.517241379310345,0.06247855841688045
5.515128303332056,0.06257104849239044
5.51301684532925,0.06273700592402787
5.510907003444317,0.06278242735604143
5.508798775822494,0.06324042727986821
5.506692160611855,0.06435762330504842
5.504587155963303,0.06358271848558418
5.50248376003057,0.06290840380774003
5.500381970970206,0.0631391856110802
5.498281786941581,0.06276975318283667
5.496183206106871,0.06232799880631136
5.494086226631056,0.06226704117603771
5.491990846681921,0.06222191057498262
5.489897064430042,0.062473907371809995
5.48780487804878,0.06239451308999813
5.485714285714286,0.0624420582147531
5.483625285605483,0.06255141890241347
5.481537875904073,0.062248871476483135
5.47945205479452,0.061952268285424016
5.477367820464055,0.062086845481486255
5.475285171102662,0.061810420239375115
5.473204104903079,0.06198362091968564
5.47112462006079,0.062079626830212835
5.469046714774022,0.06197514969958175
5.466970387243736,0.062022054799870815
5.464895635673624,0.06179764259606479
5.462822458270106,0.06177426565918851
5.46075085324232,0.0619758627307193
5.458680818802123,0.06213530985630785
5.456612353164077,0.06351869449006736
5.454545454545455,0.06784173736039283
5.452480121166225,0.06336411722673972
5.4504163512490535,0.061981593479159915
5.448354143019296,0.062046871022676205
5.446293494704992,0.06233253790355266
5.444234404536862,0.062272746928205704
5.442176870748299,0.062132470924761596
5.4401208915753685,0.061973090129975705
5.438066465256798,0.06194412137506396
5.436013590033975,0.06209818304762784
5.433962264150943,0.06190631656053644
5.431912485854395,0.06172775957978588
5.429864253393665,0.0618249303760296
5.427817565020732,0.06196732735311794
5.425772418990204,0.06177539688495679
5.423728813559322,0.061707228892353694
5.421686746987952,0.06173437877028168
5.419646217538578,0.0618629411248809
5.417607223476298,0.06170677582389341
5.415569763068823,0.061516530888176914
5.413533834586466,0.06124893835834678
5.411499436302142,0.06102851732704196
5.40946656649136,0.061175388910847395
5.40743522343222,0.06123444276103745
5.405405405405405,0.061487856317314675
5.403377110694184,0.0613837095322235
5.401350337584397,0.06118855356271158
5.399325084364454,0.060960276709348823
5.397301349325337,0.06090338877281458
5.395279130760585,0.06148600817615799
5.393258426966292,0.061068216902493165
5.391239236241108,0.06111337113938405
5.389221556886228,0.06109528425074852
5.387205387205387,0.06103914381240388
5.385190725504862,0.06096821114045754
5.383177570093458,0.061032855880928015
5.381165919282512,0.06077362315644601
5.37915577138588,0.06088150120213356
5.37714712471994,0.060902338765735926
5.375139977603584,0.06091397051230874
5.3731343283582085,0.06051596586476341
5.371130175307721,0.060667221728558415
5.369127516778524,0.06092477134275778
5.367126351099516,0.061044022936369305
5.365126676602086,0.06082408334984009
5.363128491620111,0.06040971881847565
5.361131794489948,0.06025900183385991
5.359136583550428,0.06051613857020328
5.357142857142857,0.06093419595037778
5.355150613611008,0.06059769428512934
5.353159851301116,0.06036151342632665
5.351170568561873,0.06015954681595892
5.3491827637444285,0.059983535721407084
5.347196435202377,0.06017414371987917
5.34521158129176,0.06020673299300863
5.343228200371057,0.06029547588208812
5.341246290801187,0.06022035589096657
5.339265850945496,0.06024901880073242
5.337286879169755,0.06032066910796539
5.335309373842164,0.06012236668686436
5.333333333333333,0.06012591506371518
5.33135875601629,0.06016186049799445
5.329385640266469,0.06013938130513378
5.327413984461709,0.06013989828211696
5.325443786982249,0.05986639480139324
5.323475046210721,0.05991104009720528
5.321507760532151,0.0598681465697846
5.319541928333949,0.059782792112402006
5.317577548005908,0.05989756722151162
5.3156146179402,0.06016721919993906
5.313653136531365,0.05986780055483584
5.311693102176318,0.059862784297430215
5.3097345132743365,0.06011273036338257
5.307777368227055,0.05992886165345156
5.305821665438467,0.05996261106112758
5.303867403314917,0.059652745628470796
5.301914580265096,0.05962539768466933
5.299963194700037,0.05987675050567242
5.298013245033113,0.05979660199597752
5.296064729680029,0.05999307783076125
5.294117647058823,0.05950516308501241
5.2921719955898565,0.059575605457416206
5.290227773695812,0.05974412075195054
5.2882849798016895,0.05938175603078552
5.286343612334801,0.059546194745102844
5.284403669724771,0.0597783174293661
5.282465150403522,0.05965196686856421
5.2805280528052805,0.05909267742666617
5.278592375366569,0.05931437539819704
5.2766581165262,0.05961732522317688
5.274725274725275,0.05970041649899744
5.272793848407177,0.06003159843523703
5.27086383601757,0.059788323384603985
5.268935236004391,0.05937046719460373
5.267008046817849,0.05928551767081646
5.2650822669104205,0.059347999058581125
5.2631578947368425,0.059554070137644424
5.26123492875411,0.059445807415071196
5.259313367421476,0.05914005950452635
5.257393209200438,0.0593517761844533
5.255474452554745,0.05917468949965634
5.253557095950384,0.05906604589588274
5.25164113785558,0.05919433491082655
5.249726576740795,0.05967785582920726
5.247813411078717,0.05903067574495888
5.245901639344263,0.05907305114887482
5.243991260014567,0.05875293493284699
5.242082271568984,0.05879119469115035
5.240174672489083,0.05888263413150047
5.238268461258639,0.05888999987885867
5.236363636363636,0.0587300241445305
5.2344601962922575,0.05895635358821502
5.232558139534883,0.05890311799181117
5.23065746458409,0.05858138733108345
5.228758169934641,0.058328099614900576
5.226860254083485,0.05859473302520152
5.2249637155297535,0.05891222823624577
5.223068552774755,0.058693096841323095
5.221174764321972,0.05831288848069857
5.219282348677057,0.05836051783430354
5.217391304347826,0.05854498522856315
5.215501629844259,0.0582228735143769
5.213613323678493,0.05808001139352865
5.211726384364821,0.05824203844621277
5.209840810419681,0.058137883388077766
5.207956600361664,0.05809604721093962
5.206073752711497,0.05823901576371954
5.204192265992049,0.058099411292461496
5.202312138728324,0.05826042476963699
5.200433369447454,0.0584871307512076
5.1985559566787005,0.058349531399728836
5.196679898953446,0.05805780257710954
5.194805194805195,0.058222432335232575
5.192931842769564,0.05802563625960748
5.191059841384282,0.05786802458720036
5.189189189189189,0.057931757894119376
5.187319884726225,0.05793668378364876
5.185451926539431,0.05796704243681368
5.183585313174946,0.05765646567480321
5.181720043181,0.05771315842195967
5.179856115107913,0.05768861051294142
5.177993527508091,0.05768345465862151
5.176132278936017,0.057935020077868535
5.174272367948257,0.0579772973973469
5.172413793103448,0.05811948571788135
5.170556552962298,0.05776562919131536
5.168700646087581,0.05753444919914947
5.166846071044134,0.057633499485375994
5.164992826398852,0.0575126459335986
5.1631409107206885,0.057451467300296925
5.161290322580645,0.057396961981243194
5.1594410605517735,0.057333556461709796
5.157593123209169,0.057273047112922595
5.155746509129967,0.05728920486016531
5.153901216893343,0.057651864888774794
5.152057245080501,0.057682215785844496
5.150214592274678,0.05762196300860239
5.148373257061137,0.057488536319186455
5.146533238027162,0.05768511396905222
5.144694533762058,0.05781017615821878
5.142857142857142,0.057515457854719065
5.1410210639057485,0.057547571863713835
5.139186295503212,0.05759155011700414
5.137352836246878,0.057570433472217075
5.135520684736092,0.05750978597478155
5.133689839572193,0.057509104493045686
5.131860299358517,0.05742888841988505
5.130032062700392,0.05770743527199971
5.128205128205128,0.0577876174909991
5.126379494482023,0.05825321600713575
5.124555160142349,0.05824334132683355
5.122732123799359,0.05864173757049255
5.120910384068279,0.06679375353398927
5.119089939566299,0.06647354882572148
5.11727078891258,0.0587306021171608
5.1154529307282415,0.058522573352021684
5.113636363636363,0.0581363761002204
5.111821086261981,0.057933021381949126
5.11000709723208,0.05803357469375437
5.108194395175595,0.057938754986844615
5.1063829787234045,0.05815585450498486
5.10457284650833,0.05825424061133248
5.102763997165131,0.05877667907344932
5.100956429330499,0.0609481142132835
5.09915014164306,0.060741401329356175
5.097345132743363,0.058606057967308584
5.095541401273885,0.05804670403807332
5.093738945879024,0.05813733873107822
5.091937765205092,0.05737112563959007
5.090137857900317,0.057705187412455054
5.088339222614841,0.0577695428900988
5.0865418580007065,0.057642096881704956
5.084745762711865,0.05748517626017737
5.082950935404165,0.05714225647155842
5.081157374735356,0.057238590516301646
5.079365079365079,0.05750987971960078
5.077574047954866,0.0602621614060542
5.075784279168135,0.059067621074620914
5.07399577167019,0.057089504422312434
5.0722085241282135,0.05711433043637465
5.070422535211268,0.05727834567726584
5.068637803590285,0.05744735937236667
5.066854327938072,0.057298651819120784
5.0650721069293,0.05733534009126006
5.063291139240506,0.05733354772109025
5.061511423550088,0.05769644764804977
5.059732958538299,0.0576849200527379
5.057955742887249,0.05810471106955731
5.056179775280899,0.05823796399639367
5.054405054405054,0.05772467234672599
5.052631578947369,0.056781406965836195
5.050859347597334,0.056609774731823964
5.049088359046283,0.057060630931351504
5.047318611987381,0.057105359024987055
5.045550105115627,0.056602143520072375
5.043782837127846,0.056478444993485026
5.042016806722689,0.05658731706576947
5.04025201260063,0.05659075191862133
5.038488453463961,0.05650847388999977
5.036726128016789,0.05659505806224908
5.034965034965035,0.0565352003669756
5.033205173016428,0.056375478470781136
5.031446540880503,0.05642305883673251
5.0296891372686,0.056604651236477024
5.027932960893855,0.056498165947940944
5.026178010471204,0.05650785826327111
5.024424284717377,0.05671134592139433
5.022671782350889,0.05667922625874984
5.02092050209205,0.05704786488967018
5.019170442662949,0.05687232913443415
5.017421602787456,0.05676316387846539
5.015673981191223,0.05698063344266627
5.013927576601671,0.05876289448790999
5.012182387747999,0.05973442569612293
5.010438413361169,0.057940336905785414
5.0086956521739125,0.05773466257453162
5.006954102920723,0.05842177714488673
5.005213764337852,0.06169629945244079
5.003474635163308,0.06963699412444166
5.001736714136853,0.07699158671668753
5.0,0.08727156112046236
4.998264491496008,0.06870297367553366
4.996530187369882,0.05930705926619126
4.994797086368367,0.058611225561804974
4.993065187239945,0.05764026555054571
4.991334488734835,0.05729784494365167
4.98960498960499,0.05651727003594161
4.987876688604088,0.05660139436354746
4.986149584487535,0.0567339942196175
4.984423676012461,0.056681954234996515
4.982698961937716,0.05652535925088546
4.980975441023867,0.05673779953438393
4.979253112033195,0.05597576965146713
4.977531973729692,0.05562831460338773
4.97581202487906,0.05543926023474813
4.974093264248705,0.05554424390975545
4.972375690607735,0.0552821079676838
4.970659302726959,0.0550874611501728
4.968944099378882,0.055280535949361415
4.967230079337702,0.05595627754440743
4.965517241379311,0.05560711319931229
4.963805584281283,0.05507025820141563
4.962095106822881,0.05507127636000089
4.96038580778505,0.05527903423849694
4.958677685950414,0.05524399812584299
4.95697074010327,0.05508977369604908
4.955264969029594,0.05501776263203805
4.953560371517028,0.05491017511467392
4.951856946354883,0.054770787839137657
4.950154692334135,0.05492376301329882
4.948453608247423,0.05487144906107344
4.946753692889042,0.054720880779275685
4.945054945054945,0.054746348073299735
4.943357363542739,0.05473207276787218
4.941660947151682,0.054852882809287025
4.939965694682676,0.05477842694104771
4.938271604938271,0.05451369079549061
4.93657867672266,0.05450275517133877
4.934886908841672,0.05451711513738416
4.933196300102775,0.054907643922812464
4.931506849315069,0.0546597302735243
4.929818555289284,0.05458293858136879
4.928131416837783,0.05477783794819264
4.926445432774546,0.0548046750869855
4.924760601915185,0.054782700189797355
4.923076923076923,0.05490681311385401
4.921394395078606,0.05467457137807668
4.91971301674069,0.05449662433822903
4.918032786885246,0.05436506136110081
4.916353704335951,0.054189195460603426
4.914675767918089,0.05431754727899128
4.912998976458546,0.05423153885133659
4.911323328785812,0.05412821497970131
4.909648823729969,0.054173722055094915
4.9079754601227,0.05398070946456519
4.9063032367972745,0.05404485903329773
4.9046321525885554,0.05406658142688892
4.902962206332993,0.05372109954996703
4.901293396868618,0.05374130200702825
4.8996257230350455,0.0539490567689566
4.8979591836734695,0.05376586284571125
4.896293777626657,0.05354373064573219
4.894629503738953,0.05353737925943522
4.892966360856269,0.05396299960207596
4.891304347826087,0.054133343800044774
4.889643463497453,0.053998584385042715
4.887983706720977,0.05388647291174843
4.88632507634883,0.05382847094493114
4.884667571234735,0.05372735279291223
4.883011190233978,0.053696457038178935
4.88135593220339,0.05352310584036569
4.879701796001355,0.0535442400555589
4.878048780487805,0.05355945100323753
4.876396884524213,0.05331495815851474
4.874746106973595,0.05337583158179188
4.873096446700508,0.05374228282786491
4.871447902571042,0.05389593990407842
4.869800473452824,0.05385234654480451
4.8681541582150105,0.05352349487062709
4.866508955728286,0.053751743744819
4.864864864864865,0.05356984955862399
4.86322188449848,0.05353748855802884
4.861580013504389,0.05359561174405558
4.859939250759366,0.05351703972304891
4.8582995951417,0.05323602910330563
4.856661045531197,0.05321401734802812
4.8550236008091705,0.05323253377057968
4.853387259858443,0.05303437278390572
4.851752021563343,0.05334841456359015
4.8501178848097,0.05339467995661686
4.848484848484849,0.053088255279621875
4.846852911477617,0.05336100440990736
4.845222072678331,0.05316687766365285
4.84359233097881,0.053489126225135505
4.84196368527236,0.05340275375817664
4.840336134453782,0.05340484476734751
4.838709677419355,0.05325314920574962
4.837084313066845,0.05324070769108931
4.835460040295501,0.05333212274654484
4.833836858006042,0.05320328576953877
4.832214765100671,0.053157328822074294
4.830593760483059,0.05321872149999516
4.82897384305835,0.053401104824958905
4.827355011733155,0.05316854654482544
4.825737265415549,0.05304006739286528
4.824120603015075,0.05310574303845858
4.822505023442733,0.05307923960180579
4.820890525610981,0.053175891040338374
4.819277108433735,0.053111924444089346
4.817664770826363,0.053118256558019994
4.816053511705685,0.053124965116668706
4.81444332998997,0.053237432818753254
4.81283422459893,0.05316761109408593
4.811226194453726,0.053256810564576575
4.809619238476954,0.05326000763044636
4.808013355592654,0.05315743368717358
4.806408544726302,0.052908625454928845
4.804804804804805,0.05294465964733725
4.803202134756504,0.05282542711939473
4.80160053351117,0.05347008946908406
4.8,0.054072710192831434
4.798400533155615,0.05323807998516829
4.796802131912059,0.052694651314578206
4.795204795204795,0.0527123017530359
4.793608521970706,0.05274460800923029
4.792013311148087,0.052514919073553344
4.790419161676647,0.05255949460520036
4.788826072497506,0.05309555372440983
4.787234042553191,0.052690902183975534
4.785643070787637,0.052499622964426826
4.78405315614618,0.05276062130921039
4.782464297575556,0.0528140076306061
4.780876494023905,0.052618752228404064
4.7792897444407565,0.05262478747909813
4.777704047777041,0.052418867793436026
4.776119402985074,0.052243937221100954
4.774535809018568,0.052243794554563315
4.772953264832616,0.05257897130852481
4.7713717693836974,0.0523434247244344
4.769791321629679,0.05244991441757306
4.768211920529801,0.052465063232562524
4.766633565044687,0.05246529956300756
4.765056254136334,0.05229876732194965
4.763479986768111,0.05239291688331591
4.761904761904762,0.052527218444478094
4.760330578512397,0.05244632271028405
4.758757435558493,0.05231641922861246
4.757185332011893,0.05232745205777331
4.755614266842801,0.05232229245233328
4.75404423902278,0.05224418865914063
4.752475247524752,0.05219185836055336
4.750907291322996,0.05231613131368589
4.74934036939314,0.05270584138005182
4.747774480712166,0.052597516566478736
4.746209624258405,0.05223482688261194
4.744645799011532,0.052468370790088634
4.743083003952569,0.052479597749373684
4.741521238063879,0.05236558812231371
4.739960500329164,0.05239169916033499
4.738400789733465,0.05240937648244173
4.7368421052631575,0.05248330284475142
4.735284445905951,0.05219557833458479
4.733727810650888,0.05209072791128478
4.732172198488334,0.05216071703664599
4.730617608409987,0.05229833178090263
4.729064039408867,0.05219980432135951
4.7275114904793165,0.05221657705249545
4.725959960617001,0.05219514674931612
4.724409448818897,0.05213103926990428
4.722859954083306,0.05220539455854357
4.721311475409836,0.05215651880629988
4.71976401179941,0.05203075767355721
4.71821756225426,0.051945761151107425
4.716672125777923,0.05185133588161747
4.715127701375246,0.051854867051838796
4.713584288052373,0.052118762454622505
4.712041884816753,0.05229641885336789
4.710500490677135,0.05242747904648291
4.708960104643558,0.0521186804960755
4.707420725727362,0.05206986976040184
4.705882352941177,0.05186561228078495
4.704344985298921,0.05196196892580043
4.702808621815807,0.05204301336092379
4.701273261508325,0.05211086241176938
4.699738903394255,0.05228260562929439
4.698205546492659,0.05205713424844454
4.6966731898238745,0.05185646277075425
4.695141832409521,0.05172063770958383
4.69361147327249,0.05161479558445895
4.6920821114369495,0.05190843683545281
4.690553745928339,0.05201111623459156
4.689026375773364,0.05203326391045679
4.6875,0.05209121564825653
4.685974617637488,0.05199304823029862
4.68445022771633,0.051982853178555374
4.682926829268293,0.05189752802999477
4.681404421326397,0.05191446380573859
4.679883002924926,0.051901521830021544
4.678362573099415,0.05171016022037859
4.676843130886652,0.05179658662419048
4.675324675324676,0.05185934519572856
4.673807205452775,0.051912293535735565
4.672290720311485,0.051725874743537105
4.670775218942588,0.05173301576879661
4.669260700389105,0.05182031113587392
4.6677471636953,0.0518864274175887
4.666234607906675,0.05201372931761489
4.66472303206997,0.05174646832877782
4.663212435233161,0.05180402328579868
4.661702816445452,0.05175171651759295
4.660194174757282,0.05139288978661348
4.658686509220317,0.05148399447728943
4.657179818887451,0.05168114169959499
4.655674102812803,0.05172251877779683
4.654169360051713,0.05174087726396903
4.652665589660743,0.05181288726917401
4.651162790697675,0.051912233791885094
4.649660962221504,0.0515519805315921
4.648160103292447,0.05128159218254804
4.646660212971926,0.05146952561213678
4.64516129032258,0.051472838285043225
4.643663334408256,0.05177087708528624
4.642166344294004,0.051750504524787445
4.640670319046085,0.05149831290398529
4.639175257731959,0.05162443143561826
4.63768115942029,0.05137262068627436
4.6361880231809405,0.05126451546095055
4.634695848084969,0.05128333185041482
4.633204633204634,0.051513141095393594
4.63171437761338,0.05143939655993247
4.630225080385852,0.051693873503763574
4.628736740597879,0.05163536084444138
4.627249357326478,0.05134429688111139
4.625762929649856,0.05156102694745738
4.624277456647399,0.0517192209893683
4.622792937399679,0.0517741865078328
4.621309370988447,0.051797527146170905
4.619826756496631,0.05149701213481626
4.6183450930083385,0.051321039496272876
4.616864379608849,0.05208493443811431
4.615384615384615,0.05405814855936371
4.613905799423262,0.05216298871613871
4.612427930813581,0.05136529925323984
4.610951008645533,0.051438047909830475
4.609475032010243,0.05172490052362311
4.608,0.051446649793991495
4.606525911708253,0.05114276654836301
4.605052766229613,0.05119027028094781
4.603580562659847,0.05122442922736453
4.6021093000958775,0.051454251404038
4.600638977635783,0.05136702539528457
4.599169594378793,0.05150120739715859
4.597701149425287,0.05166428417598303
4.596233641876795,0.051560777814092365
4.594767070835992,0.05128190181540444
4.5933014354066986,0.05121371305542218
4.591836734693878,0.05114467555416216
4.590372967803634,0.05106183296020676
4.588910133843212,0.050887414082560076
4.587448231920994,0.050769934645887395
4.585987261146497,0.05097421365214497
4.584527220630372,0.051266886685552786
4.583068109484405,0.05120905442117492
4.581609926821508,0.051173989552679405
4.580152671755726,0.05123905497950273
4.578696343402226,0.05114742390148175
4.577240940877304,0.05106476994320372
4.575786463298379,0.05106346281018517
4.5743329097839895,0.05108259435662058
4.572880279453795,0.05106295569490755
4.571428571428571,0.05108808086418732
4.569977784830212,0.051094881996151996
4.568527918781726,0.050905426917911986
4.567078972407231,0.051002833303459914
4.56563094483196,0.05109527241760329
4.56418383518225,0.05114976590707246
4.562737642585551,0.051258101548650035
4.561292366170415,0.05112469981522998
4.559848005066498,0.051369813002910145
4.558404558404559,0.05139389240637285
4.556962025316456,0.05123569784147591
4.555520404935147,0.05107663884314724
4.554079696394688,0.051123320333256665
4.552639898830225,0.05101863957843922
4.551201011378002,0.050927582959509554
4.549763033175355,0.05095625271961552
4.548325963360707,0.05105411024350831
4.546889801073571,0.051132353083761024
4.545454545454546,0.05101687497525623
4.544020195645314,0.05082115877495297
4.542586750788644,0.05092790370079297
4.541154210028382,0.051119073206910996
4.539722572509458,0.051023701194394824
4.538291837377876,0.05084007445103446
4.536862003780718,0.05073884972232952
4.535433070866142,0.05063344594911924
4.534005037783375,0.05080686649668132
4.53257790368272,0.05093166370765163
4.531151667715545,0.05070413494679136
4.529726329034287,0.05084347152399281
4.528301886792453,0.050763334511862886
4.526878340144608,0.050847229201206
4.525455688246386,0.050979737926473014
4.524033930254477,0.05095238114584125
4.522613065326633,0.05099300245558936
4.521193092621664,0.05107616148211376
4.519774011299435,0.05080647389346926
4.518355820520866,0.051046510791217664
4.51693851944793,0.050831264707786844
4.51552210724365,0.050749328963481444
4.514106583072101,0.050668540924505026
4.512691946098402,0.05067407500725204
4.511278195488722,0.050662927174631237
4.509865330410273,0.05053036649726565
4.508453350031308,0.05076954966430047
4.507042253521127,0.050875630627795106
4.505632040050062,0.050769036131106865
4.50422270878949,0.050688478136479705
4.50281425891182,0.050956121481484866
4.501406689590497,0.05129944773921162
4.5,0.051245348767553336
4.498594189315839,0.05085776286689132
4.497189256714553,0.0508308141412159
4.495785201373712,0.050855989291563174
4.49438202247191,0.050875410540888184
4.492979719188768,0.050875813454018724
4.491578290704928,0.05081817999367594
4.490177736202058,0.05103526419125984
4.488778054862843,0.05099180132213725
4.487379245870988,0.05123494797150068
4.485981308411215,0.05123620795443773
4.484584241669262,0.050873493030798494
4.483188044831881,0.050709476070842883
4.481792717086835,0.05074524910854218
4.4803982576229,0.050912831132477014
4.479004665629859,0.05083095688366107
4.477611940298508,0.05093879312080465
4.4762200808206405,0.05089800446097051
4.474829086389062,0.05084170047971025
4.473438956197577,0.05089869598299042
4.472049689440993,0.05079140826603638
4.47066128531512,0.05096641037831123
4.46927374301676,0.05128678661853632
4.467887061743717,0.051263214705543285
4.4665012406947895,0.05100753292658011
4.465116279069767,0.05107243262350188
4.463732176069436,0.050865231909368806
4.462348930895568,0.051036461537727625
4.4609665427509295,0.05082216983674236
4.45958501083927,0.050691444208842175
4.458204334365325,0.05089884646547706
4.456824512534819,0.050788169359338275
4.455445544554456,0.05073114799540115
4.4540674296319205,0.05057389265063845
4.452690166975882,0.050942097604268724
4.451313755795981,0.051074575259830245
4.449938195302844,0.05093679054536619
4.448563484708063,0.050871603447686216
4.4471896232242125,0.05087853907776825
4.445816610064835,0.050882428882747716
4.444444444444445,0.05106256234302145
4.443073125578525,0.05086861356086949
4.441702652683529,0.05107769416371605
4.440333024976873,0.051128871035654645
4.438964241676942,0.050878984417327126
4.437596302003081,0.050999501083257015
4.436229205175601,0.05090739214193069
4.434862950415768,0.050849026943083665
4.433497536945812,0.05127913806779837
4.43213296398892,0.05116221059557766
4.430769230769231,0.051287390711071405
4.429406336511843,0.05131418868554859
4.428044280442805,0.05131640809086289
4.4266830617891175,0.051104881997335184
4.425322679778734,0.05093255483970461
4.423963133640553,0.05088845597227239
4.422604422604422,0.050934276456135186
4.421246545901136,0.051006247141063756
4.419889502762431,0.05096472372899393
4.418533292420988,0.05084221725575076
4.41717791411043,0.05087360828784741
4.415823367065317,0.05086502538267824
4.414469650521153,0.0512344986041761
4.413116763714373,0.05132285869170435
4.411764705882353,0.05116852998069318
4.4104134762634,0.05093795431144598
4.409063074096754,0.050739483747656286
4.40771349862259,0.0507488271317136
4.406364749082007,0.05085745438797436
4.405016824717039,0.050929494411896314
4.403669724770642,0.05083278498556248
4.402323448486701,0.05097063918595128
4.400977995110025,0.05068180573322719
4.399633363886343,0.0509204005023746
4.398289554062309,0.05098313893635874
4.396946564885496,0.05066544302702489
4.395604395604395,0.05052246379129858
4.394263045468416,0.05048806969255913
4.392922513727883,0.050577190828445834
4.391582799634034,0.05072487280601967
4.390243902439025,0.05073924242173686
4.388905821395916,0.05051223685267493
4.387568555758684,0.05074110728399741
4.386232104782211,0.05078145284068844
4.38489646772229,0.05079582849722567
4.383561643835616,0.0505812046391257
4.382227632379793,0.050712169733678446
4.380894432613325,0.05055589497783362
4.37956204379562,0.050621249330733795
4.378230465186987,0.050785590949648025
4.376899696048632,0.05094159216820482
4.375569735642662,0.051017152924255266
4.374240583232078,0.050845307531119356
4.372912238080778,0.05070208519565173
4.371584699453551,0.05065126655753385
4.3702579666160855,0.050666008430317405
4.368932038834951,0.05098347388588637
4.367606915377617,0.05093976504560441
4.366282595512432,0.05078297032936665
4.364959078508639,0.05069480247224241
4.363636363636364,0.050913316320669345
4.3623144501666165,0.05088008373072367
4.36099333737129,0.0507252953588515
4.359673024523161,0.0507961304826848
4.358353510895884,0.05071948495369334
4.357034795763994,0.050893514089675004
4.355716878402904,0.050832842463810264
4.354399758088902,0.05059353118612213
4.353083434099154,0.05075959482981581
4.351767905711696,0.050694060826334125
4.350453172205438,0.05067295920488569
4.349139232860163,0.05077110210549642
4.3478260869565215,0.050860860440861515
4.346513733776034,0.050919875530715815
4.345202172601086,0.05091304475820258
4.343891402714933,0.05085757381905075
4.342581423401689,0.05070183650724543
4.341272233946337,0.050656229378794194
4.33996383363472,0.05072505704306032
4.33865622175354,0.050942412383268215
4.337349397590361,0.05097372491888771
4.336043360433605,0.050772580648801136
4.334738109572546,0.05062556443539964
4.333433644297322,0.050640783710454856
4.332129963898917,0.050565924340686345
4.330827067669173,0.05043169163350094
4.329524954900782,0.05065945301090552
4.328223624887285,0.0508244906818628
4.3269230769230775,0.050868271903978635
4.325623310303395,0.05078857227679466
4.324324324324324,0.050752472679699935
4.323026118282798,0.05063099471763013
4.321728691476591,0.05059961729894778
4.32043204320432,0.05055480699481739
4.319136172765447,0.05091069064851388
4.31784107946027,0.05102265420282231
4.316546762589928,0.050906094919552135
4.315253221456397,0.05067093143787757
4.313960455362492,0.0507810475802082
4.31266846361186,0.050660932872457445
4.311377245508982,0.05069393727126542
4.310086800359174,0.05085215775777464
4.308797127468582,0.05067315126790627
4.307508226144182,0.050608558616305366
4.30622009569378,0.05087812223134901
4.304932735426009,0.05083002382345969
4.303646144650329,0.050870101561202724
4.302360322677024,0.05083911768658015
4.301075268817204,0.05118493910004865
4.299790982382801,0.051230694458859936
4.298507462686567,0.05085377711507738
4.297224709042077,0.05061486788561861
4.295942720763724,0.050730609692398294
4.294661497166716,0.05104650067764023
4.293381037567084,0.05109848633218076
4.292101341281669,0.05106667418908332
4.290822407628129,0.051103982037926585
4.289544235924933,0.05101072353150606
4.288266825491363,0.05130134995003895
4.286990175647515,0.051952362568405394
4.285714285714286,0.05350812219628647
4.284439155013389,0.051725249377837346
4.283164782867341,0.05110290674493844
4.281891168599465,0.05102049364980206
4.280618311533888,0.050848336406300675
4.279346210995542,0.05081375333274752
4.27807486631016,0.050814480945418614
4.276804276804277,0.050578712449166334
4.275534441805226,0.05047244335509191
4.27426536064114,0.0507342193053036
4.27299703264095,0.05091171558220279
4.271729457134382,0.05093416860489575
4.270462633451958,0.050541039043485184
4.269196560924993,0.05082637716522553
4.267931238885596,0.05089199831736062
4.266666666666667,0.05090770967020961
4.265402843601896,0.050732943410356945
4.264139769025762,0.05082158884018001
4.262877442273535,0.05103740840802282
4.261615862681267,0.05095661838248364
4.260355029585799,0.05069572998804966
4.259094942324756,0.050540297743393865
4.257835600236547,0.050541547268532466
4.256577002660361,0.050707232710791895
4.25531914893617,0.05071890316902908
4.254062038404727,0.051094166229893115
4.25280567040756,0.05095165569139552
4.251550044286979,0.050996796073168135
4.250295159386068,0.051010340548097784
4.249041015048687,0.051099371923214384
4.247787610619469,0.0509097679924351
4.2465349454438215,0.050499212167972346
4.245283018867925,0.05055347611878324
4.244031830238727,0.05064885005049847
4.242781378903948,0.0507417653012742
4.241531664212077,0.050632226933949795
4.240282685512367,0.05070388535193217
4.239034442154843,0.05071635074572799
4.2377869334902885,0.05062569111461354
4.236540158870255,0.05074127551158634
4.235294117647059,0.05074883290368422
4.234048809173772,0.05061272318725942
4.2328042328042335,0.05033939941751348
4.231560387893036,0.05045203604444465
4.230317273795534,0.050443926253951527
4.229074889867841,0.05035906567398812
4.227833235466823,0.05064886916874836
4.226592309950103,0.05085352610487656
4.225352112676056,0.05075024788338547
4.224112643003814,0.05084656791375032
4.222873900293255,0.0507514919996201
4.221635883905013,0.050564701502483864
4.220398593200469,0.050883629842876935
4.219162027541752,0.05085506358396397
4.21792618629174,0.05088891234206542
4.216691068814056,0.05077679029554381
4.215456674473068,0.05082896621197208
4.214223002633889,0.050851177298254314
4.212990052662375,0.05079379375274753
4.211757823925124,0.05081524726878515
4.2105263157894735,0.05081028782099712
4.209295527623502,0.050961069613330474
4.208065458796026,0.050960141680439615
4.206836108676599,0.0507669669993953
4.205607476635514,0.050788712325369946
4.204379562043796,0.05075184957165369
4.203152364273205,0.05061509340587958
4.201925882696235,0.05076617123985801
4.200700116686114,0.051154551089553184
4.199475065616798,0.05105987962068709
4.198250728862974,0.05080120962157187
4.197027105800059,0.05063337019238753
4.195804195804196,0.050703253062442805
4.194581998252258,0.050696077597973704
4.19336051252184,0.051079822659848555
4.192139737991266,0.050735277299284995
4.190919674039581,0.05066382461630777
4.189700320046552,0.0507307022642733
4.18848167539267,0.05097231032903042
4.187263739459145,0.05113223569167622
4.186046511627906,0.05130285574917648
4.184829991281604,0.051373501761623204
4.1836141778036025,0.05120786846621461
4.1823990705779845,0.05113272767697156
4.181184668989547,0.05107321134405361
4.179970972423803,0.05089609539140275
4.178757980266976,0.050953816242110254
4.177545691906005,0.05093610564558427
4.176334106728539,0.0506785388704426
4.175123224122935,0.05051656167729408
4.173913043478261,0.05075319273520796
4.172703564184294,0.051018328386667214
4.171494785631518,0.05122151642281906
4.170286707211121,0.051088258040910835
4.169079328314997,0.05121199112643171
4.167872648335745,0.051381408490750104
4.166666666666667,0.051659718307572884
4.165461382701764,0.051680183120950234
4.164256795835743,0.051628662475390164
4.163052905464007,0.051488072648344145
4.161849710982659,0.05127701782697824
4.1606472117885005,0.051556457608769604
4.15944540727903,0.051413426033254314
4.15824429685244,0.051112250826770074
4.157043879907621,0.0510214745324612
4.155844155844156,0.05088300417008142
4.15464512406232,0.05068858469760154
4.153446783963081,0.05072377425673924
4.1522491349480966,0.05076537924928831
4.151052176419718,0.050944756214917
4.14985590778098,0.05118605928119575
4.14866032843561,0.051030384926605915
4.147465437788019,0.05084966312473487
4.146271235243305,0.050818480602676505
4.145077720207254,0.05087911824578687
4.143884892086331,0.05085451400983921
4.142692750287687,0.05096808592899712
4.141501294219155,0.051109643903337075
4.140310523289247,0.05090783700420603
4.139120436907158,0.050993321960492166
4.137931034482759,0.05117243801821604
4.136742315426601,0.05092694255618618
4.135554279149914,0.0509066137752765
4.134366925064599,0.05083361903407497
4.133180252583238,0.050988954758373964
4.131994261119082,0.05093620140799302
4.130808950086059,0.050958431307694764
4.129624318898767,0.0508626934023857
4.128440366972477,0.05098293814271803
4.12725709372313,0.05096063028857463
4.126074498567335,0.05087285878013294
4.124892580922372,0.0505552647950544
4.123711340206186,0.05076120424093314
4.122530775837389,0.051103092081876314
4.121350887235261,0.050871268203494524
4.120171673819742,0.0507547422149054
4.118993135011442,0.05098313584384522
4.117815270231628,0.05087438503658293
4.11663807890223,0.05088322379389491
4.1154615604458415,0.05093877746074997
4.114285714285715,0.050765447855910584
4.113110539845758,0.05052797434293006
4.111936036550543,0.05070092750870647
4.110762203825293,0.050855041935040625
4.10958904109589,0.05080146360649777
4.108416547788873,0.05084251550269126
4.107244723331432,0.051033740468953044
4.106073567151412,0.0509348523456514
4.104903078677309,0.05079473942186957
4.1037332573382725,0.05090439890497807
4.102564102564103,0.05073925948637912
4.101395613785246,0.05092264716823682
4.100227790432802,0.05108044541018309
4.099060631938514,0.05098552438536174
4.097894137734775,0.05125871499355918
4.096728307254623,0.05259911240386091
4.09556313993174,0.059665192269753684
4.094398635200455,0.05905403244748627
4.093234792495736,0.052944241801483424
4.092071611253197,0.05145774856428942
4.090909090909091,0.05130360701722543
4.089747230900312,0.05111372492041132
4.088586030664396,0.050868602466931784
4.087425489639512,0.05105103743126209
4.086265607264472,0.051074673022015085
4.085106382978724,0.05121333595331147
4.083947816222349,0.05096815555825119
4.082789906436065,0.05090251538935949
4.081632653061225,0.05094549708369681
4.080476055539813,0.05098279105585446
4.079320113314448,0.050950572783880224
4.078164825828377,0.051187995301789684
4.077010192525481,0.05103671237172818
4.075856212850269,0.05076970281208965
4.074702886247878,0.05082901520508786
4.073550212164074,0.0507545914793418
4.072398190045249,0.05113461841756518
4.071246819338422,0.051121367257778216
4.070096099491238,0.0510007595282986
4.068946029951964,0.051063205905359635
4.067796610169491,0.050974389731120534
4.066647839593335,0.05118199432888939
4.065499717673631,0.05100198943048349
4.064352243861134,0.051183367488823024
4.063205417607223,0.05087882503328325
4.062059238363893,0.05112252308486392
4.060913705583756,0.05100140403211756
4.059768818720045,0.050784011638590275
4.058624577226607,0.0508746293019999
4.057480980557903,0.0509255120340899
4.056338028169014,0.0508383927579906
4.05519571951563,0.050928557918892635
4.054054054054054,0.05119294746004439
4.0529130312412045,0.05117309410790065
4.051772650534609,0.05086446097592586
4.0506329113924044,0.05102907616905365
4.049493813273341,0.05101932201611839
4.048355355636772,0.05106793211768142
4.0472175379426645,0.051094065612246706
4.046080359651588,0.05110256236963469
4.044943820224719,0.05153677655651275
4.043807919123842,0.051336035763474
4.042672655811342,0.05099357214014242
4.04153802975021,0.05096017432253719
4.040404040404041,0.05099632200994292
4.0392706872370265,0.051474276938587624
4.038137969713965,0.051541909619243584
4.037005887300253,0.051274710550175094
4.035874439461884,0.05119427465633735
4.0347436256654525,0.05127382440478979
4.033613445378151,0.05131781585841984
4.032483898067769,0.05160632454729149
4.031354983202688,0.051563639162174706
4.030226700251889,0.05134523091013326
4.029099048684947,0.05121634630271638
4.027972027972028,0.05128368803916477
4.026845637583893,0.051177228225905765
4.025719876991893,0.05127192961210804
4.0245947456679705,0.05130573128010736
4.0234702430846605,0.05126340774464051
4.022346368715084,0.05138892754322889
4.021223122032952,0.051496183581444144
4.0201005025125625,0.051299022958645475
4.018978509628803,0.0511487504540247
4.017857142857143,0.05116155052944966
4.01673640167364,0.051304525216983234
4.015616285554936,0.05139738372764719
4.014496793978255,0.051417018004135596
4.013377926421405,0.051532609906773615
4.012259682362775,0.05174125908566233
4.011142061281337,0.05152781775327718
4.010025062656641,0.051233172624872536
4.008908685968819,0.05152946604386481
4.007792930698581,0.051646222226886404
4.006677796327212,0.051708471692449715
4.0055632823365785,0.052009889861096156
4.004449388209121,0.05238453911497469
4.003336113427856,0.05274275360607967
4.002223457476376,0.054321496915864007
4.001111419838844,0.06023703138378511
4.0,0.06759979924479013
3.998889197445154,0.062424329932307884
3.997779011660188,0.057905534972484934
3.996669442131557,0.05357780515454596
3.9955604883462814,0.05268487226492528
3.994452149791956,0.05207887784922655
3.9933444259567374,0.051961779040524445
3.99223731632936,0.05190870690537775
3.9911308203991136,0.051869198395275776
3.990024937655861,0.05161621282957496
3.988919667590028,0.05137924410232978
3.9878150096926057,0.051711555994023724
3.986710963455149,0.051314048123513714
3.985607528369776,0.05123547620866258
3.984504703929165,0.0512829152500076
3.983402489626556,0.05145069802197534
3.982300884955752,0.05141034225758451
3.981199889411114,0.051249783141012896
3.9800995024875614,0.05118995266471179
3.978999723680575,0.051179471130088534
3.977900552486188,0.05105313084182332
3.976801988400994,0.05113090412479882
3.975704030922142,0.05105446726584346
3.9746066795473367,0.051253595031250314
3.9735099337748334,0.05129260489119084
3.972413793103448,0.05096678878070374
3.971318257032544,0.051116130530357205
3.9702233250620345,0.051240350362052496
3.969128996692392,0.05188467875838922
3.968035271424635,0.05195180535889958
3.96694214876033,0.05180350209503794
3.965849628201597,0.051893673453957026
3.964757709251101,0.05171919587238861
3.963666391412056,0.05136521412083981
3.962575674188223,0.051162963354990806
3.961485557083906,0.05108527219270115
3.96039603960396,0.05123316529614866
3.95930712125378,0.051237572942136364
3.958218801539307,0.05109567347198435
3.957131079967024,0.051083299629610515
3.956043956043956,0.05082120320125925
3.954957429277671,0.05104172376995202
3.9538714991762767,0.051249529717885156
3.952786165248421,0.05115554100208923
3.9517014270032935,0.05105915515257543
3.9506172839506175,0.05086274486108856
3.9495337356006575,0.05106369043840032
3.948450781464217,0.051046744281641125
3.947368421052632,0.05106384749337845
3.946286653877775,0.050888954076227906
3.945205479452055,0.0508886726908456
3.944124897288414,0.051026101711334114
3.9430449069003286,0.05135227577586124
3.941965507801807,0.051041593056173354
3.9408866995073897,0.050750631082259
3.939808481532148,0.050679241341874404
3.938730853391685,0.050828189375268784
3.937653814602133,0.050813879021565436
3.936577364680153,0.050831371453293195
3.935501503142936,0.051036868165791865
3.934426229508197,0.051119685289511566
3.933351543294182,0.051064015477294694
3.932277444019661,0.05087491084193229
3.931203931203931,0.051034672515175655
3.930131004366813,0.05117618394703991
3.9290586630286497,0.05090125462462796
3.927986906710311,0.05092186890733255
3.926915734933188,0.05096643686504036
3.9258451472191926,0.05103329300339555
3.92477514309076,0.051332001337358546
3.923705722070845,0.05100604442131145
3.92263688368292,0.05103743814383047
3.92156862745098,0.05097876768761343
3.9205009528995367,0.051048368204647934
3.91943385955362,0.05097513953587692
3.918367346938776,0.05123158929383081
3.9173014145810665,0.05118599230138545
3.916236062007071,0.050848532040792004
3.9151712887438825,0.051019163349655075
3.914107094319108,0.05119087780149413
3.91304347826087,0.051114111033470584
3.9119804400978,0.05123822496153081
3.910917979359044,0.05107837308270132
3.90985609557426,0.050946133527844044
3.908794788273615,0.05085274061181679
3.9077340569877888,0.05101886359746823
3.906673901247965,0.05087591875645538
3.905614320585842,0.051041352579584164
3.904555314533624,0.05105850033862243
3.903496882624017,0.0508662356152272
3.902439024390244,0.05107245313648581
3.9013817393660255,0.05081806410308983
3.9003250270855903,0.05097603812003288
3.899268887083672,0.05095093254886901
3.8982133188955057,0.05098121231552885
3.8971583220568338,0.05100053727565521
3.896103896103897,0.05106814605350871
3.895050040573438,0.05094571917799442
3.893996755002704,0.05126231225702375
3.89294403892944,0.050953721855924186
3.891891891891892,0.050868076044940314
3.890840313428803,0.0510999790114435
3.8897893030794166,0.05094520797366015
3.888738860383473,0.05088288786720457
3.887688984881209,0.05107038149673857
3.8866396761133606,0.05082839754189307
3.885590933621155,0.05103391432735732
3.884542756946318,0.051059355188484375
3.883495145631068,0.051036084003169356
3.882448099218118,0.05104244234523983
3.8814016172506745,0.05106135553972961
3.8803556992724335,0.051145005497539975
3.8793103448275854,0.051018688056768326
3.8782655534608135,0.051133130401405005
3.8772213247172855,0.051015809023873496
3.876177658142665,0.050765984028752466
3.8751345532831,0.050918933710010425
3.87409200968523,0.05101386281575037
3.873050026896181,0.05093971087814577
3.872008604463565,0.0510278500484888
3.870967741935484,0.05130981115342644
3.869927438860522,0.050948902804924076
3.8688876947877486,0.05093688218805066
3.86784850926672,0.05086521373647794
3.866809881847475,0.05070555045330196
3.8657718120805367,0.0508630252109338
3.864734299516909,0.051002475450608944
3.863697343708077,0.05090372237507646
3.862660944206009,0.05086665022669891
3.8616251005631534,0.05097364252364069
3.860589812332439,0.05074811814535375
3.8595550790672735,0.05076263605953892
3.858520900321544,0.05100073574597494
3.857487275649612,0.05071149938378968
3.85645420460632,0.050794175796594176
3.855421686746988,0.05083562556001337
3.854389721627409,0.0508840116988352
3.8533583088038537,0.05110616133744319
3.852327447833066,0.05092745668637668
3.851297138272265,0.05103534678385266
3.850267379679144,0.05105205832911159
3.849238171611869,0.05111218537778572
3.848209513629076,0.05109377826759831
3.8471814052898745,0.05118063971120024
3.846153846153846,0.05136554532563125
3.845126835781041,0.051096963182397225
3.844100373731981,0.0508106072877598
3.8430744595676543,0.05099104547065102
3.84204909284952,0.05111840703176073
3.841024273139504,0.05103367353062209
3.84,0.05109871084378263
3.838976272993869,0.050893195397562103
3.8379530916844353,0.050980964346085456
3.836930455635492,0.050870888990997905
3.8359083644112943,0.05078173267606561
3.834886817576564,0.05078060219403132
3.833865814696486,0.050836882985700556
3.832845355336705,0.05094663621972131
3.831825439063332,0.05098524845795388
3.830806065442937,0.05111592295637561
3.829787234042553,0.0510865940046075
3.828768944429672,0.051115129877636674
3.827751196172249,0.0507308204249078
3.8267339888386926,0.05060613742871334
3.8257173219978746,0.05094199211471946
3.824701195219123,0.050954197625860315
3.823685608072225,0.050797874176761425
3.822670560127423,0.05082247827855131
3.821656050955414,0.05090103279571517
3.820642080127355,0.05093852960040699
3.819628647214854,0.050861705001375095
3.818615751789976,0.05077906227612079
3.817603393425239,0.05090728871238856
3.8165915716936127,0.050974927627691013
3.8155802861685215,0.05080044434081831
3.814569536423841,0.05067966290823895
3.813559322033898,0.05063656652173471
3.812549642573472,0.05076846688753214
3.8115404976177873,0.050743733230148795
3.810531886742525,0.050775246058709915
3.809523809523809,0.050817048513525864
3.808516265538217,0.050903281641321546
3.8075092543627713,0.05077261122047394
3.8065027755749408,0.050810236136737644
3.8054968287526414,0.05084527064554636
3.80449141347424,0.05078204214947239
3.803486529318542,0.05077843766794175
3.802482175864801,0.05075888836720214
3.801478352692714,0.05069534335410315
3.800475059382423,0.05048915824468624
3.799472295514512,0.0506366836933042
3.798470060670008,0.05081094420689621
3.79746835443038,0.05053669251629168
3.7964671763775377,0.05057781811368255
3.795466526093832,0.05076894912857899
3.794466403162055,0.05064360178425612
3.793466807165437,0.050494178042385755
3.792467737687649,0.05045426906145792
3.791469194312796,0.05049072309752767
3.790471176625428,0.05039968717133952
3.789473684210526,0.050640422789892274
3.788476716653512,0.05054583554745488
3.7874802735402415,0.050371596396887784
3.786484354457008,0.050300186732862996
3.785488958990536,0.050298505443234484
3.784494086727989,0.0506460960347727
3.7834997372569625,0.050809887224658803
3.782505910165484,0.050736758864131225
3.781512605042017,0.050756081659389905
3.780519821475453,0.05057531679211281
3.779527559055118,0.05051588647181573
3.7785358173707686,0.050294467491891245
3.777544596012592,0.05038762428345169
3.776553894571204,0.050596492326256064
3.77556371263765,0.05044036408090454
3.774574049803408,0.05034738623609335
3.773584905660377,0.050492992421654774
3.7725962798008905,0.050649047091451384
3.771608171817706,0.05069004402813319
3.7706205813040063,0.05064010190327097
3.769633507853403,0.05072836397302934
3.768646951059932,0.050696144840074925
3.767660910518053,0.05052677570880439
3.7666753858226527,0.05056498332119595
3.765690376569038,0.05048177995472279
3.764705882352941,0.05028885609494657
3.763721902770517,0.05043170654088332
3.762738437418343,0.0503026596899542
3.7617554858934175,0.050338618296662654
3.760773047793158,0.050301161024803934
3.759791122715405,0.05029804028236936
3.758809710258418,0.050132920124881415
3.757828810020877,0.05019215454482637
3.756848421601879,0.050084937650175985
3.755868544600939,0.050441411359152304
3.754889178617992,0.05057769930643677
3.753910323253389,0.05104955650988629
3.7529319781078967,0.05106945209511361
3.7519541427827,0.05061704620441895
3.750976816879396,0.05103816891420512
3.75,0.052509030689941276
3.749023691746941,0.05086990405254971
3.748047891723061,0.05025034909373252
3.747072599531616,0.050089734433127385
3.746097814776275,0.050030565887438816
3.7451235370611182,0.04996768920287351
3.74414976599064,0.04988701830206511
3.743176501169742,0.05018012911155146
3.7422037422037424,0.04994287868046718
3.741231488698364,0.049797433387727484
3.74025974025974,0.049714422252738276
3.739288496494417,0.04989967810809795
3.7383177570093458,0.04981617493241462
3.7373475214118863,0.04957277643942468
3.736377789309808,0.04949549755793944
3.735408560311284,0.04974058676662505
3.734439834024896,0.049749804298258246
3.733471610059632,0.04984531156530028
3.732503888024883,0.049678092095781785
3.731536667530448,0.04962013044024429
3.730569948186528,0.04930102389925369
3.7296037296037294,0.04915401578538829
3.728638011393061,0.04947831804166969
3.727672793165933,0.049351613317994814
3.726708074534162,0.048994857344730434
3.7257438551099615,0.04947276329082714
3.7247801345059495,0.04991040927083051
3.7238169123351432,0.04945819981900731
3.722854188210962,0.049248935308730785
3.7218919617472217,0.04934457027771546
3.72093023255814,0.04941627178793827
3.719969000258331,0.0494079196930107
3.71900826446281,0.049423467116806084
3.718048024786986,0.0494123039937628
3.7170882808466703,0.04916035977030012
3.7161290322580647,0.04903174610630049
3.7151702786377694,0.04887657938045158
3.7142120196027855,0.04873916445251903
3.7132542547705,0.048997093749509155
3.712296983758701,0.04885451775457319
3.711340206185567,0.04913514403320777
3.710383921669673,0.04924650535731394
3.709428129829985,0.04891886726892683
3.708472830285861,0.048873874502300206
3.707518022657055,0.048950060478865035
3.706563706563706,0.04859387277338907
3.705609881626351,0.048613650525600904
3.704656547465912,0.0488106259261106
3.7037037037037033,0.04869966885708228
3.70275134996143,0.04857527978400277
3.701799485861183,0.04878049796669211
3.700848111025443,0.04874187626242151
3.699897225077081,0.04877544654433761
3.698946827639353,0.04850592837676088
3.697996918335901,0.04825258116574856
3.697047496790758,0.04822774763520173
3.696098562628337,0.048396661896617094
3.695150115473441,0.04838254278418729
3.694202154951257,0.048264142523396454
3.6932546806873554,0.04845219386939472
3.692307692307693,0.04832569009325266
3.691361189438606,0.04861512057333186
3.690415171706817,0.048329590526093265
3.689469638739431,0.04822088608192753
3.6885245901639343,0.04841479737797137
3.6875800256081934,0.048213932667790414
3.686635944700461,0.04812399343593086
3.6856923470693626,0.048007301672444755
3.68474923234391,0.048178000336279454
3.683806600153492,0.04838941627394047
3.6828644501278776,0.048402671030153305
3.681922781897213,0.0482413616371403
3.6809815950920246,0.04815236644862329
3.680040889343215,0.047962601323694454
3.679100664282064,0.04825973718992218
3.6781609195402303,0.04828383995058039
3.677221654749745,0.04797275415942993
3.6762828695430176,0.047683524379393674
3.675344563552833,0.04775202611926823
3.6744067364123496,0.047749637524123055
3.673469387755103,0.04792620690692305
3.672532517214997,0.04789844195930975
3.671596124426313,0.04829339950385553
3.670660209023706,0.04840396543329191
3.6697247706422016,0.048054128678095435
3.668789808917198,0.04792311552807072
3.667855323484463,0.04800372633766274
3.6669213139801378,0.04798498336197795
3.665987780040733,0.04778759736290114
3.66505472130313,0.0476683660848512
3.664122137404581,0.04747509915678334
3.6631900279827017,0.04759829747379145
3.6622583926754833,0.04759879117522149
3.661327231121281,0.04761081622379099
3.66039654295882,0.04764211228675694
3.659466327827192,0.047587238431156476
3.658536585365854,0.0475660669414197
3.6576073152146313,0.04756289077065689
3.6566785170137126,0.04752214704130441
3.6557501904036553,0.04740652328736954
3.654822335025381,0.04750301478028396
3.653894950520173,0.04761064760398987
3.6529680365296806,0.04752684219935149
3.652041592695917,0.04757658264007745
3.651115618661257,0.04738718400001554
3.6501901140684407,0.04739149544169675
3.649265078560568,0.04762290020825274
3.6483405117811,0.04755205101959352
3.64741641337386,0.04747810356690888
3.646492782983034,0.04741474337935346
3.645569620253165,0.047307253327049444
3.6446469248291575,0.04721850543198157
3.643724696356276,0.047516236532593015
3.642802934480142,0.04735790753723538
3.6418816388467374,0.04728487834209554
3.6409608091024017,0.047443604810570916
3.640040444893832,0.047533202344464676
3.639120545868082,0.047440574446867244
3.638201111672562,0.047129146074960486
3.637282141955039,0.04736666133927509
3.636363636363636,0.04763441926789481
3.635445594546832,0.04777570558226342
3.634528016153458,0.04817567834179191
3.633610900832703,0.0484522804240861
3.632694248234107,0.048897475449342434
3.631778058007566,0.04966145842475955
3.6308623298033287,0.05029736214004214
3.629947063271994,0.05077458217769495
3.629032258064516,0.05125275097697114
3.6281179138321993,0.05150434509872387
3.6272040302267,0.05148286158813387
3.626290606900026,0.0514246749898925
3.625377643504532,0.0509681696347323
3.6244651396929273,0.05039732053204977
3.6235530951182686,0.05017435354326775
3.622641509433962,0.05004671910045852
3.6217303822937614,0.0499625560351005
3.6208197133517728,0.049778673321784046
3.619909502262444,0.04954399733683051
3.6189997486805727,0.049555181535242264
3.618090452261306,0.04926360727008734
3.617181612660136,0.0491235003982862
3.616273229532898,0.04904469366741714
3.615365302535777,0.04900279436828689
3.614457831325301,0.049234007689014245
3.613550815558344,0.04956820359857299
3.612644254892122,0.04969428904288656
3.611738148984199,0.050308357290107096
3.6108324974924777,0.05069805796795263
3.609927300075207,0.05123697389397902
3.609022556390977,0.05168292106360306
3.608118266098722,0.05207513242512911
3.607214428857716,0.051376890277002624
3.606311044327573,0.05047616002740563
3.605408112168252,0.04968781529498879
3.6045056320400497,0.04888902924511355
3.603603603603603,0.04814918405413988
3.60270202651989,0.04764201209012262
3.6018009004502254,0.047321513055306325
3.600900225056264,0.047505423874091866
3.6,0.04724439258966895
3.599100224943764,0.046689957336865
3.5982008995502253,0.04645489670680746
3.5973020234823885,0.04640709941935213
3.5964035964035963,0.0464386521496153
3.595505617977528,0.04648953035188095
3.5946080878681976,0.046553445716606176
3.5937110057399555,0.04632668091775703
3.5928143712574854,0.046301552871580415
3.5919181840858068,0.04655922552570798
3.591022443890274,0.046385902234401755
3.590127150336574,0.04608477627963328
3.589232303090728,0.04622168538690062
3.588337901819088,0.046214920871630025
3.587443946188341,0.04611582524009886
3.586550435865504,0.04627206474519781
3.585657370517928,0.046356036444369475
3.584764749813294,0.04616343732965839
3.583872573419612,0.046313811314320254
3.582980841005225,0.046128049269468806
3.582089552238806,0.04606945761642856
3.581198706789356,0.0459868837839522
3.580308304326206,0.04602708646189977
3.579418344519016,0.046222056985721155
3.5785288270377733,0.04612499529134496
3.577639751552795,0.04592613468489637
3.576751117734724,0.04603288578058684
3.5758629252545324,0.04640170504689234
3.574975173783516,0.04621277007707419
3.5740878629932986,0.0462342657652233
3.5732009925558312,0.046038294556725395
3.5723145621433887,0.04604383736969838
3.571428571428571,0.04608521760186701
3.5705430200843047,0.04624665600774819
3.5696579077838373,0.04629174374626082
3.5687732342007434,0.04611874679752245
3.5678889990089195,0.04588944676331211
3.5670052018825857,0.0461405281587839
3.566121842496285,0.04610056961271196
3.5652389205248824,0.04598038405915597
3.5643564356435644,0.04565590428622898
3.5634743875278394,0.04589507413416675
3.5625927758535374,0.04567257411517424
3.561711600296809,0.04583462705924276
3.560830860534125,0.04578418849641368
3.559950556242274,0.04594837560852794
3.5590706870983686,0.04572206182580263
3.5581912527798365,0.04568152843153602
3.557312252964427,0.045659953311843283
3.556433687330205,0.046072246827501974
3.555555555555556,0.04596838496647611
3.5546778573191804,0.04606801851460464
3.5538005923000986,0.04629343444912604
3.5529237601776464,0.04607466284674976
3.552047360631476,0.04604621151367094
3.5511713933415536,0.04591280433638797
3.5502958579881656,0.045814312554274005
3.54942075425191,0.04601730889205379
3.5485460818137016,0.04594578300580206
3.547671840354768,0.045735288651124154
3.5467980295566504,0.04576082155951885
3.5459246491012064,0.0456946052539136
3.5450516986706053,0.04565827888468719
3.54417917794733,0.04574509633530753
3.5433070866141736,0.04584676181391271
3.5424354243542435,0.045672385301101695
3.541564190850959,0.0454552056839578
3.54069338578805,0.04547226743280015
3.5398230088495577,0.045502866910192855
3.538953059719833,0.04545918153161521
3.538083538083538,0.04540810047926291
3.5372144436256447,0.04547583268148905
3.536345776031434,0.04577845792932244
3.5354775349864966,0.045765237327566516
3.534609720176731,0.045496276736301716
3.533742331288344,0.04563400811515401
3.53287536800785,0.04564200063736881
3.532008830022075,0.0456823072930375
3.5311427170181457,0.04601975896280295
3.530277028683501,0.04629880605709848
3.5294117647058822,0.04660343581756249
3.52854692477334,0.046005474865033376
3.527682508574228,0.0457874536989279
3.526818515797208,0.04567128955484575
3.525954946131244,0.04564769263242536
3.525091799265606,0.04546237567979783
3.524229074889868,0.04546431565549882
3.523366772693908,0.04530416170616879
3.522504892367906,0.04520101202128119
3.521643433602348,0.045100764942239135
3.52078239608802,0.045283451597897824
3.519921779516011,0.045384262667683355
3.5190615835777126,0.04538888117303702
3.5182018079648176,0.045230576003701936
3.5173424523693213,0.045173364739797855
3.5164835164835164,0.04498704447451233
3.515625,0.044987458550277214
3.514766902611667,0.04498776029158976
3.5139092240117127,0.04523048609325724
3.513051963893633,0.045044000966955794
3.5121951219512195,0.04501302327606579
3.5113386978785663,0.04503450371678108
3.510482691370063,0.04520954984984834
3.5096271021204,0.0449691575042958
3.5087719298245617,0.04469174682282152
3.507917174177832,0.04476793203110896
3.5070628348757915,0.04493159298377314
3.506208911614317,0.04510297318343011
3.505355404089581,0.04500088097425584
3.504502311998053,0.04492028782189665
3.5036496350364965,0.04497228661008088
3.5027973729019704,0.045360919441918404
3.501945525291829,0.045273206419598824
3.50109409190372,0.045310632638205506
3.500243072435586,0.04554372067585732
3.4993924665856624,0.0454225549582412
3.498542274052478,0.0451327624015861
3.4976924945348555,0.04499631769582878
3.4968431277319083,0.04480605350983941
3.495994173343044,0.04491261731307473
3.4951456310679614,0.045018051577151635
3.494297500606649,0.044744456953076044
3.493449781659389,0.044639455314757395
3.4926024739267523,0.04452318582487932
3.491755577109602,0.04458659487782382
3.490909090909091,0.04458469945100608
3.4900630150266605,0.044648434824537696
3.4892173491640417,0.044713710732541136
3.488372093023256,0.04455532522431257
3.487527246306612,0.044667147564758876
3.4866828087167074,0.044653041754086915
3.485838779956427,0.0447451728117525
3.484995159728945,0.0447621135152721
3.4841519477377205,0.04448265160938127
3.483309143686502,0.044506967310291426
3.482466747279323,0.04478195856411813
3.481624758220503,0.044603906654626664
3.4807831762146484,0.04463429993912251
3.47994200096665,0.04465984736820861
3.4791012321816863,0.044426552663477926
3.4782608695652177,0.04449691238435986
3.4774209128229896,0.04470798291147938
3.476581361661033,0.04451290811237659
3.4757422157856626,0.0445695895480911
3.4749034749034746,0.04473643279584181
3.474065138721352,0.04467110651491345
3.4732272069464547,0.0447074807790431
3.472389679286231,0.044554575664334815
3.471552555448409,0.04449266334487303
3.470715835140997,0.044521272687022065
3.4698795180722897,0.04445431613572504
3.469043603950855,0.044582903244399376
3.468208092485549,0.04442815867531577
3.4673729833855043,0.044360119113076135
3.4665382763601347,0.044588890192336916
3.465703971119134,0.044397822712881396
3.4648700673724737,0.044261069099640074
3.4640365648304066,0.044292658699176396
3.463203463203463,0.04438298123395483
3.462370762202452,0.04448804596398478
3.4615384615384617,0.044525205219516216
3.460706560922856,0.0445746470472636
3.4598750600672754,0.044483190097119506
3.4590439586836417,0.04423512779206471
3.4582132564841497,0.04431029722508404
3.457382953181272,0.044239060146369476
3.4565530484877582,0.04441298686464165
3.4557235421166306,0.04441546227897744
3.45489443378119,0.044277538532247196
3.4540657231950105,0.044223512584813704
3.4532374100719423,0.04417440050995947
3.452409494126109,0.04428975785332908
3.451581975071908,0.04439524323822529
3.450754852624012,0.04408227804437136
3.4499281264973645,0.0439785877288017
3.4491017964071853,0.04419482704112317
3.4482758620689657,0.04410031639654591
3.447450323198468,0.0442580066637926
3.446625179511728,0.04410984898808322
3.4458004307250536,0.044193307903896806
3.444976076555024,0.04431770376449659
3.4441521167184885,0.04441960969916639
3.443328550932568,0.044263263026957315
3.4425053789146545,0.04412456503521495
3.4416826003824093,0.04400891196257321
3.440860215053763,0.04422424330697146
3.4400382226469186,0.044530744441297336
3.439216622880344,0.04438289208954449
3.438395415472779,0.044464903647249004
3.437574600143232,0.04426633791389455
3.4367541766109784,0.04431092793007858
3.4359341445955622,0.04438714062035136
3.435114503816794,0.04458678220445532
3.4342952539947533,0.0448624023949147
3.433476394849785,0.04461051462854847
3.4326579261025025,0.044854409287842144
3.431839847473785,0.044852177749821066
3.431022158684775,0.04475980317544156
3.430204859456884,0.04459644318882817
3.4293879495117885,0.044683985955769626
3.4285714285714284,0.04523280590113201
3.4277552963580105,0.04544694977701097
3.426939552594003,0.04532651356366059
3.426124197002141,0.045293911537606736
3.4253092293054235,0.04555572533243515
3.4244946492271104,0.0453457661462701
3.423680456490728,0.04511797537807054
3.422866650820062,0.04506232629621265
3.4220532319391634,0.045082867561189184
3.421240199572345,0.0451835432023822
3.4204275534441804,0.04520575098089043
3.419615293279506,0.0451784336108685
3.418803418803419,0.045029150921334776
3.417991929741277,0.04505369710769635
3.4171808258187,0.04516938714813744
3.416370106761565,0.044967412493608236
3.4155597722960147,0.04484189813473336
3.414749822148447,0.044824829443663436
3.413940256045519,0.044963611586627046
3.4131310737141503,0.045040770366984145
3.4123222748815163,0.044808468377406784
3.411513859275053,0.04463257478099822
3.410705826622454,0.04454174416906313
3.4098981766516694,0.044290468121553364
3.409090909090909,0.04410634242645541
3.4082840236686387,0.044238765859152526
3.4074775201135825,0.04447658334317975
3.40667139815472,0.04443828169888945
3.4058656575212867,0.04438184011058786
3.405060297942776,0.04434774773431169
3.404255319148936,0.04444097644610078
3.4034507208697704,0.044643214440598815
3.402646502835539,0.0449164171590057
3.4018426647767543,0.0449164428162351
3.401039206424185,0.04505146126331499
3.400236127508854,0.04718145508896521
3.39943342776204,0.04665717846001453
3.3986311069152704,0.045157941068640295
3.3978291647003305,0.045220840462658375
3.397027600849257,0.04527232462829479
3.39622641509434,0.04528709295833319
3.3954256071681206,0.04525735807122199
3.394625176803395,0.045329780382054416
3.393825123733208,0.04538835264334827
3.393025447690858,0.04547114055946
3.392226148409894,0.045268931609250565
3.3914272256241165,0.04511106148024272
3.3906286790675773,0.044813697735361695
3.389830508474577,0.0447438042512542
3.389032713579666,0.04474060545613926
3.388235294117647,0.04500012576040505
3.3874382498235707,0.04507453728398913
3.386641580432738,0.044988445705116516
3.385845285680696,0.04526916472639825
3.385049365303244,0.04666671774594389
3.384253819036428,0.04634260832195684
3.3834586466165413,0.04525900353239483
3.3826638477801265,0.04561169798620367
3.381869422263974,0.04546529537296365
3.3810753698051186,0.045273249963190015
3.380281690140845,0.04543314977925423
3.379488383008684,0.04520696633384649
3.3786954481464098,0.04516915451677688
3.377902885292048,0.0448934758117587
3.377110694183865,0.04500413828269125
3.376318874560375,0.045175124294528086
3.375527426160337,0.04518278406556806
3.374736348722756,0.04526343504669836
3.373945641986879,0.04549963121377051
3.3731553056922,0.045668704505494685
3.3723653395784545,0.046162558825142225
3.371575743385624,0.04600400321930063
3.3707865168539324,0.046082969948316364
3.369997659723848,0.046114953072516916
3.369209171736079,0.046111982847429143
3.3684210526315788,0.04573224398260714
3.3676333021515434,0.04586975625124069
3.366845920037409,0.046000805401101214
3.366058906030856,0.04565988337843349
3.3652722598738025,0.045560708081832366
3.364485981308411,0.04524388171606785
3.3637000700770847,0.045238570811631594
3.362914525922466,0.04558932045482639
3.362129348587439,0.045906019022756574
3.361344537815126,0.04592873035224583
3.360560093348892,0.0459107051247176
3.3597760149323377,0.04576976853877932
3.358992302309307,0.045823388045402605
3.3582089552238807,0.045705427777813085
3.3574259734203777,0.045584802613128673
3.3566433566433567,0.045649632542873866
3.3558611046376137,0.045543029267793085
3.3550792171481825,0.04553083628753854
3.354297693920336,0.04532203595383416
3.353516534699581,0.04522158261767069
3.352735739231665,0.04519869357819976
3.35195530726257,0.0451811758733097
3.351175238538515,0.04489918516020605
3.3503955328059565,0.044806676250701595
3.3496161898115844,0.04503661715411929
3.3488372093023258,0.04480339012144242
3.348058591025343,0.044698909770058436
3.3472803347280333,0.04491038558903156
3.346502440158029,0.044462375497529155
3.345724907063197,0.04432459062016568
3.3449477351916377,0.04433685655425562
3.344170924291686,0.04426681225348774
3.3433944741119106,0.044317243643161565
3.342618384401114,0.044485298845605856
3.341842654908332,0.04442500937132737
3.341067285382831,0.04426309083671253
3.3402922755741127,0.04431635991485151
3.339517625231911,0.0445036407038421
3.3387433341061903,0.04448492391391749
3.337969401947149,0.04433981617395857
3.3371958285052146,0.04451578806797399
3.336422613531047,0.04481659616508447
3.3356497567755383,0.04485633095900158
3.33487725798981,0.04522308115047418
3.3341051169252145,0.05057168363816988
3.333333333333333,0.0600390100704037
3.33256190696598,0.04910776756634917
3.331790837575197,0.04487529941515838
3.3310201249132545,0.044616377791313874
3.330249768732655,0.044797327610621315
3.329479768786128,0.04474728275644816
3.328710124826629,0.04451651400082411
3.327940836607349,0.0444734586417316
3.3271719038817005,0.044255587908164216
3.3264033264033266,0.044393863199034225
3.325635103926097,0.044490516178191095
3.32486723620411,0.04421120381837
3.324099722991689,0.04425121523792956
3.323332564043388,0.04436830686280605
3.3225657591139828,0.04441901199201183
3.3217993079584778,0.04443288897528909
3.321033210332103,0.044337098966876695
3.320267465990316,0.04482494259369153
3.3195020746887964,0.04462588830181952
3.3187370361834527,0.0443507081899945
3.317972350230415,0.04448982138722669
3.31720801658604,0.04477335202338576
3.316444035006909,0.045422269009749924
3.315680405249827,0.04501807802693047
3.3149171270718227,0.04455008677372578
3.3141542002301496,0.044450187517625306
3.3133916244822825,0.04410027132138433
3.312629399585921,0.044132029914268414
3.311867525298988,0.04413735531177201
3.311106001379627,0.043833645774686854
3.310344827586208,0.04409267297041083
3.3095840036773154,0.04428611645394707
3.3088235294117645,0.044430211670878905
3.308063404548587,0.04441992421669174
3.3073036288470368,0.04425164864704151
3.3065442020665903,0.043952477656123194
3.3057851239669422,0.04440198636559656
3.30502639430801,0.044590996533204426
3.304268012849931,0.04437361855219739
3.3035099793530622,0.044374582469070716
3.302752293577982,0.04460607425431219
3.301994955285485,0.0453217998772908
3.3012379642365888,0.045059465452768004
3.300481320192528,0.04680431515709621
3.2997250229147568,0.04776502537200013
3.2989690721649487,0.04506742976011413
3.298213467704993,0.04464871563821306
3.2974582092970004,0.04443964466217372
3.2967032967032965,0.044217769499882126
3.295948729686427,0.044261549682037556
3.2951945080091534,0.04438908863164842
3.2944406314344543,0.04440983515015601
3.2936870997255263,0.044443971793562
3.292933912645781,0.0444128338228423
3.2921810699588474,0.044653311966439756
3.291428571428572,0.04465334892270322
3.290676416819013,0.044489762200795605
3.2899246058944485,0.04459037800361673
3.2891731384193696,0.04465527351740191
3.2884220141584835,0.04453304137831033
3.2876712328767126,0.044490326814620076
3.286920794339192,0.044551437926068506
3.286170698311273,0.04444123185985887
3.2854209445585214,0.04458616153623115
3.284671532846715,0.04469571968534661
3.2839224629418475,0.044769245317925435
3.283173734610123,0.04473809160821137
3.2824253476179623,0.04450592868389547
3.2816773017319965,0.044337707180360314
3.28092959671907,0.04434857938091124
3.2801822323462413,0.04458345683278038
3.279435208380779,0.04514324982736269
3.278688524590164,0.044590324059068334
3.2779421807420897,0.0443624170580454
3.2771961766044604,0.04442794470862731
3.2764505119453924,0.04445689935385656
3.2757051865332123,0.044388334197107374
3.274960200136457,0.04413689022562869
3.2742155525238745,0.04403183028975476
3.2734712434644235,0.04422701046583339
3.2727272727272725,0.04429235887283649
3.2719836400818,0.04428717970704304
3.271240345297592,0.044098121843530874
3.270497388144447,0.04419053290186558
3.2697547683923704,0.04437869888847906
3.2690124858115777,0.0444027812972902
3.2682705401724923,0.04421538003711011
3.2675289312457454,0.04430186822275946
3.266787658802178,0.04450683809906993
3.2660467226128373,0.04442933348922301
3.265306122448979,0.04423420929692042
3.264565858082068,0.04433009994474104
3.2638259292837715,0.04425740002343205
3.2630863358259687,0.04421529592900477
3.262347077480743,0.044338972391137266
3.2616081540203847,0.044312247590764305
3.260869565217392,0.044360642672017225
3.2601313108444647,0.044405212072505716
3.2593933906745134,0.04429123864699183
3.2586558044806515,0.0441827245672743
3.257918552036199,0.04408709965678407
3.2571816331146803,0.04419613821247574
3.256445047489824,0.0442958831625607
3.2557087949355643,0.044420780440428013
3.25497287522604,0.044539168576641315
3.254237288135593,0.04457288045064721
3.253502033438771,0.04429437348032621
3.252767110910323,0.04438547885380816
3.252032520325203,0.04416159974802556
3.2512982614585684,0.04422343114750506
3.2505643340857784,0.04437124664200443
3.249830737982397,0.044471994672553056
3.249097472924188,0.04452663999763068
3.2483645386871194,0.044356653505206824
3.247631935047361,0.044263157869840836
3.246899661781285,0.04453005429519963
3.2461677186654643,0.044500293747515865
3.245436105476674,0.04444749013866001
3.2447048219918884,0.044517280538139956
3.2439738679882857,0.044580992692302444
3.243243243243243,0.04477644101644937
3.242512947534339,0.04465851491504199
3.241782980639352,0.04487165600282983
3.24105334233626,0.044770306397003946
3.2403240324032403,0.044631210873118284
3.2395950506186724,0.04458738753017162
3.238866396761133,0.04460415532426554
3.2381380706094,0.044485066863462326
3.2374100719424463,0.04461152370492131
3.236682400539447,0.04440219739629936
3.235955056179775,0.04446872079911235
3.235228038643001,0.04453446558270845
3.234501347708896,0.04439793494730387
3.233774983157422,0.04460348878402813
3.2330489447687474,0.044577103232293865
3.2323232323232323,0.04454932025984644
3.231597845601436,0.04470180080102023
3.230872784384115,0.04475382124923877
3.2301480484522207,0.044743075777287346
3.229423637586903,0.044756060017026145
3.2286995515695067,0.04475420744574487
3.2279757901815733,0.04475183565942311
3.227252353204841,0.04478439323488733
3.2265292404212413,0.04466436111580849
3.2258064516129035,0.04487738470439504
3.22508398656215,0.044744220447718176
3.2243618450515,0.04491535662416258
3.223640026863668,0.0448601310397974
3.222918531781558,0.04483669293918672
3.2221973595882747,0.044697653765558565
3.221476510067114,0.044711902821126324
3.220755983001565,0.045015074729579996
3.2200357781753133,0.04491555731576716
3.2193158953722336,0.04487824810886467
3.218596334376397,0.04483030833346443
3.2178770949720668,0.04528003452814404
3.2171581769437,0.04534710033725051
3.216439580075944,0.04513077373889801
3.2157213041536403,0.04526478043926547
3.215003348961822,0.04522308626981048
3.2142857142857144,0.04501597776003582
3.213568399910734,0.04493104283917513
3.212851405622489,0.04496370423196374
3.212134731206781,0.04507056599919038
3.2114183764495987,0.045085423588675164
3.210702341137124,0.045145561633859424
3.2099866250557287,0.04505205282637633
3.2092712279919766,0.04484614776039351
3.2085561497326207,0.044922335064951656
3.2078413900646026,0.044841390699928825
3.207126948775056,0.04466713216230927
3.2064128256513023,0.04470442660964783
3.2056990204808544,0.04497093461250689
3.204985533051413,0.0448024341360984
3.204272363150868,0.045048518428571806
3.203559510567297,0.04507128594995399
3.202846975088968,0.04507282612828368
3.202134756504336,0.04510036564162034
3.2014228546020456,0.04510691845893923
3.200711269170927,0.04529067804730102
3.2,0.04584056405142966
3.199289046878471,0.04571039152081416
3.198578409595735,0.04555002520747383
3.197868087941373,0.04601216359005893
3.197158081705151,0.04542750131302468
3.1964483906770256,0.04502028090808329
3.195739014647137,0.04510309732022124
3.195029953405813,0.04503575307240368
3.194321206743567,0.04501178540376675
3.193612774451098,0.04515849222701773
3.1929046563192904,0.04546107146528601
3.1921968521392152,0.045157003869793766
3.191489361702128,0.0451238624224413
3.1907821847994686,0.04520681516756576
3.1900753212228623,0.04510092872929604
3.18936877076412,0.04532027997313773
3.1886625332152345,0.045304630891688784
3.187956608368386,0.04518079913245353
3.1872509960159365,0.04523603096368029
3.186545695950432,0.045119425027410884
3.185840707964602,0.045127716783156455
3.18513603185136,0.04521462112325963
3.184431667403804,0.04523212421310762
3.183727614415212,0.04542330668547962
3.1830238726790454,0.04557736123360841
3.18232044198895,0.04540829561844781
3.181617322138754,0.04545113066746741
3.180914512922465,0.04537704330171028
3.180212014134276,0.045394536369557176
3.1795098255685583,0.0453163455857178
3.178807947019868,0.045241774341435746
3.17810637828294,0.045363376717139525
3.177405119152692,0.04530638859381016
3.176704169424222,0.04530137926597737
3.17600352889281,0.04540240178780218
3.175303197353914,0.04547577017241104
3.1746031746031744,0.045503674983833245
3.173903460436412,0.04547345347897174
3.173204054649625,0.04536129437560226
3.172504957038996,0.045349261914073714
3.1718061674008813,0.04564128797639506
3.171107685531821,0.04578928315782307
3.170409511228533,0.045739411482515945
3.1697116442879154,0.04564780205361579
3.1690140845070425,0.045629340938388774
3.1683168316831685,0.04563200583304722
3.1676198856137265,0.0454560462022188
3.166923246096327,0.04552088750057059
3.16622691292876,0.04558336494835294
3.165530885908991,0.04563276872932141
3.164835164835165,0.045928027158884624
3.1641397495056034,0.04589712204680045
3.1634446397188047,0.04586913358510232
3.1627498352734458,0.04587065451018116
3.16205533596838,0.04577343036451234
3.161361141602635,0.04581758676496414
3.160667251975417,0.045769168251439306
3.1599736668861094,0.0459937974645263
3.1592803861342693,0.04598467266035334
3.158587409519632,0.04615869335219204
3.1578947368421053,0.04682095109090469
3.157202367901776,0.04624916513901782
3.156510302498904,0.04589257326625277
3.1558185404339247,0.04603272418915982
3.15512708150745,0.04602563371767242
3.154435925520263,0.04598797726855626
3.1537450722733245,0.04595772544902587
3.153054521567769,0.045963333810340186
3.1523642732049035,0.045787023584853086
3.151674326986212,0.04587991997497362
3.1509846827133483,0.04601970792569638
3.150295340188143,0.04650113704417328
3.149606299212598,0.04624975703754454
3.148917559588891,0.046169300065074984
3.1482291211193703,0.04612729759465037
3.1475409836065578,0.04620343167801453
3.146853146853147,0.04586487119260661
3.1461656106620057,0.045865202344070335
3.145478374836173,0.046075267721409574
3.14479143917886,0.045950051156607656
3.14410480349345,0.04596033323092714
3.1434184675834973,0.046452251276380266
3.142732431252728,0.046458460908784145
3.14204669430504,0.04660548402517608
3.1413612565445024,0.046719781813842204
3.140676117775355,0.04644498072351401
3.139991277802006,0.046432542575646316
3.1393067364290386,0.04638438186216693
3.138622493461203,0.04620674911708321
3.137938548703421,0.04615717120752168
3.1372549019607847,0.04635000434447209
3.1365715530385536,0.046484674124049385
3.1358885017421603,0.04636497314261421
3.135205747877204,0.04644083646554497
3.1345232912494554,0.046389814221202946
3.133841131664853,0.04638841673192611
3.133159268929504,0.04641434100035872
3.1324777028496844,0.04626627740790257
3.13179643323184,0.04651661588030096
3.131115459882583,0.04640506014306973
3.130434782608696,0.04656570049893328
3.129754401217127,0.04717614115270382
3.1290743155149934,0.04691318819797595
3.128394525309581,0.0462781100247871
3.1277150304083405,0.046507627651347846
3.127035830618893,0.04660103402382433
3.126356925749023,0.046830964681168964
3.1256783156066854,0.046581025676371735
3.125,0.0465746994935295
3.124321978737253,0.0466451385951826
3.1236442516268985,0.04653508294247152
3.1229668184775536,0.046695813242038
3.1222896790980053,0.04672672778806725
3.1216128332972035,0.04660095271316448
3.120936280884265,0.046748718724322486
3.120260021668472,0.04673153891708784
3.1195840554592724,0.04667774114817562
3.118908382066277,0.04676135185871454
3.118233001299264,0.04685094731684569
3.117557912968175,0.04672713885166614
3.1168831168831166,0.04661297766863965
3.116208612854361,0.046703546521890696
3.115534400692341,0.046757091712470694
3.1148604802076574,0.046857760204373745
3.1141868512110724,0.04701861466687362
3.113513513513513,0.04690943151224847
3.11284046692607,0.0467931910817884
3.112167711259996,0.046885834459537985
3.111495246326707,0.0469839416395813
3.110823071937784,0.04699226135596881
3.110151187904968,0.04708249315462259
3.1094795940401645,0.046969897872865464
3.1088082901554404,0.04713130087857058
3.108137276063026,0.04731836893330523
3.1074665515753126,0.04722496152089003
3.1067961165048543,0.04728462932275604
3.1061259706643662,0.0471395116573439
3.1054561138667243,0.04699716557971664
3.104786545924968,0.04710180128356342
3.104117266652296,0.04710524755312292
3.103448275862069,0.04714858829963694
3.1027795733678087,0.04709739598283789
3.102111158983197,0.046997788666003404
3.1014430325220763,0.04711290863383662
3.1007751937984493,0.04733586956844071
3.10010764262648,0.04726706756474221
3.099440378820491,0.04730460892249089
3.0987734021949644,0.04733672733338946
3.098106712564544,0.04740295540940651
3.097440309744031,0.04734275735377557
3.096774193548387,0.0471791514416209
3.096108363792733,0.04733525069918566
3.095442820292348,0.04720804470489052
3.094777562862669,0.04713378218102611
3.094112591319296,0.04714303626130141
3.0934479054779804,0.04727179106594567
3.09278350515464,0.04718194067428046
3.0921193901653425,0.04741443759758383
3.0914555603263203,0.04738276253560508
3.09079201545396,0.04710577891827499
3.0901287553648067,0.047536919810644354
3.089465779875563,0.04765411972501903
3.088803088803089,0.0477211830087324
3.0881406819644006,0.04738595054894995
3.0874785591766725,0.047295467708906656
3.0868167202572345,0.04756839149186453
3.0861551650235746,0.0474432060689514
3.085493893293336,0.04770713166940125
3.084832904884319,0.04782785262265873
3.0841721996144784,0.047653796879132564
3.083511777301927,0.047506951357245364
3.082851637764932,0.047778020717406756
3.082191780821918,0.04778326370623987
3.081532206291462,0.04779639971896681
3.0808729139922977,0.04765126642588113
3.0802139037433154,0.04758047972007197
3.0795551753635584,0.04749901265448113
3.078896728672226,0.04764611837523099
3.07823856348867,0.04770705254963591
3.0775806796324,0.04790418999857918
3.0769230769230766,0.048895921605061135
3.0762657551805166,0.049250891669836025
3.0756087142246904,0.04869847605941689
3.0749519538757206,0.04808954215149736
3.0742954739538857,0.04775781289248928
3.073639274279616,0.047768392166917424
3.072983354673496,0.047967302036729165
3.0723277149562622,0.04814365728438093
3.0716723549488054,0.048093787971258635
3.071017274472169,0.047811434388940456
3.070362473347548,0.047783849027584105
3.0697079513962904,0.04796995849116372
3.069053708439898,0.04804064010169794
3.068399744300021,0.04814471381265908
3.067746058798466,0.048231174042156925
3.0670926517571884,0.04793896324832213
3.066439522998296,0.04825301408058908
3.065786672344049,0.04839531017364499
3.0651340996168583,0.04834603423677019
3.064481804639285,0.04816479965295613
3.0638297872340425,0.048211289946833935
3.0631780472239947,0.04849112765313946
3.062526584432157,0.04844932434426668
3.0618753986816927,0.04906720698310147
3.061224489795918,0.049189303251071056
3.0605738575983,0.04854045886724115
3.059923501912452,0.04857401702938826
3.0592734225621414,0.0485328474715744
3.058623619371283,0.04845496044605598
3.0579740921639416,0.04823157855781376
3.057324840764331,0.04838114269124084
3.056675864996816,0.04847565923597747
3.0560271646859083,0.048377014752745306
3.05537873965627,0.04837026499231836
3.054730589732712,0.04842712414232084
3.0540827147401908,0.04849506882773647
3.0534351145038165,0.04871767253454196
3.0527877888488444,0.04867532754266566
3.0521407376006784,0.0486013756672365
3.0514939605848697,0.04852773985457254
3.0508474576271185,0.04863338908522392
3.0502012285532727,0.048771501405853686
3.0495552731893265,0.04871077490204823
3.048909591361423,0.04868363401882956
3.048264182895851,0.04880571677355602
3.0476190476190474,0.04906888918017112
3.046974185357596,0.04896981652100949
3.046329595938227,0.04898905469510012
3.045685279187817,0.049125297807592935
3.04504123493339,0.048907166443942024
3.044397463002114,0.04908457941621323
3.043753963221306,0.049165587174080906
3.0431107354184275,0.048938225426245784
3.042467779421086,0.04897279628730085
3.0418250950570345,0.04915136023600706
3.041182682154171,0.049201808789116626
3.0405405405405403,0.0494175136522171
3.039898670044332,0.04928518198176008
3.03925707049388,0.04916428133281166
3.038615741717662,0.04914115733418711
3.037974683544304,0.04974414265149578
3.0373338958025733,0.04958767545674185
3.036693378321383,0.04915639493027064
3.036053130929792,0.04906428501437495
3.0354131534569984,0.049359982434032924
3.03477344573235,0.049474554371729255
3.034134007585335,0.04957720566485056
3.0334948388455865,0.04956284487224784
3.0328559393428813,0.04962406550013609
3.0322173089071387,0.04946897120072191
3.031578947368421,0.04946503585470679
3.030940854556935,0.049806776310985595
3.0303030303030303,0.049857154615897174
3.029665474437197,0.04973229347462461
3.029028186790072,0.04945103440436547
3.0283911671924293,0.049684771986386884
3.027754415475189,0.0498558407633399
3.027117931469413,0.05009537103381296
3.026481715006305,0.0503393650739598
3.0258457659172096,0.05005202029561241
3.0252100840336134,0.049767027227472005
3.0245746691871456,0.05015021130534959
3.023939521209576,0.05002195817469331
3.023304639932815,0.04970031819066214
3.022670025188917,0.04980544124004987
3.0220356768100736,0.050112105247028534
3.0214015946286192,0.050314221091274036
3.0207677784770293,0.05012616967682969
3.02013422818792,0.050292555343524795
3.019500943594045,0.05034989563454493
3.018867924528302,0.050093322740160956
3.0182351708237265,0.05019861856763563
3.017602682313495,0.050311520116519404
3.016970458830924,0.05027961530435643
3.0163385002094683,0.0503084214106097
3.0157068062827226,0.050284303846899345
3.0150753768844223,0.05017975978766413
3.01444421184844,0.0504559977587228
3.01381331100879,0.05044667814515014
3.013182674199624,0.05058005293929455
3.0125523012552304,0.050192160965269156
3.01192219201004,0.05044856255565418
3.01129234629862,0.050371042863894905
3.010662763955676,0.05028323813062159
3.0100334448160537,0.050629582890854445
3.0094043887147337,0.05061276101293299
3.0087755954868367,0.05063087230824743
3.0081470649676207,0.05066686696368376
3.007518796992481,0.05079922052554314
3.006890791396952,0.05211994877935964
3.0062630480167014,0.05205397278716574
3.0056355666875394,0.05071959092350764
3.005008347245409,0.05094321614707797
3.0043813895263924,0.05124576940011003
3.0037546933667083,0.05110942328591083
3.0031282586027115,0.05128379427737137
3.0025020850708923,0.05270954202651708
3.00187617260788,0.05336108825827181
3.0012505210504377,0.0518876751510751
3.0006251302354654,0.05417089867152301
3.0,0.061155438911151175
2.999375130181212,0.056289529271390006
2.99875052061641,0.05202344650726736
2.998126171143036,0.05185048484190286
2.997502081598668,0.05180396523516726
2.99687825182102,0.051819629838011194
2.9962546816479403,0.051693778971010435
2.9956313709174123,0.05139968540598573
2.995008319467554,0.051163302132007225
2.9943855271366187,0.05079299624690366
2.993762993762994,0.050753175028679764
2.9931407191852006,0.05080129748762994
2.9925187032418954,0.05130775024365489
2.991896945771868,0.05131914989152128
2.991275446614042,0.0512956686035429
2.990654205607477,0.05150915827737473
2.990033222591362,0.05145834383955156
2.989412497405024,0.05104206042774574
2.9887920298879203,0.05080224894856503
2.9881718198796428,0.05072853708155957
2.987551867219917,0.05106135771120165
2.9869321717486,0.05096085917908038
2.9863127333056823,0.0508937776091815
2.985693551731288,0.05119189534545632
2.985074626865672,0.051745637969021145
2.984455958549223,0.05187276011176507
2.983837546622462,0.05138574694658048
2.983219390926041,0.0511614365767955
2.9826014913007457,0.051143949881055605
2.981983847587492,0.05093299321789018
2.981366459627329,0.05098039536662315
2.9807493272614365,0.05109826897152479
2.980132450331126,0.052053477596764645
2.97951582867784,0.05232031201937495
2.9788994621431524,0.05160035666857514
2.97828335056877,0.051190232626934756
2.977667493796526,0.05106258668779887
2.9770518916683897,0.051167248946718896
2.9764365440264573,0.05105062105438162
2.975821450712957,0.05112220420948685
2.975206611570248,0.051053727773159856
2.9745920264408183,0.051073224658681464
2.9739776951672865,0.05102585873903095
2.973363617592401,0.05103874024825055
2.972749793559042,0.05114778748494758
2.9721362229102164,0.05121275122185334
2.9715229054890635,0.05154313474983042
2.970909841138849,0.05147484213989495
2.9702970297029703,0.051519939311884956
2.9696844710249537,0.051353798847582156
2.9690721649484533,0.05144007547855841
2.9684601113172544,0.051636239520237916
2.967848309975268,0.05136586406322679
2.967236760766536,0.05116624395873322
2.9666254635352285,0.051313372877807815
2.966014418125644,0.05137604288234644
2.965403624382208,0.051222562210244106
2.964793082149475,0.051200194043526256
2.9641827912721284,0.0511613508839326
2.9635727515949783,0.05113429658817318
2.962962962962963,0.05153557044830439
2.9623534252211483,0.0512763149571648
2.9617441382147267,0.05117268461710225
2.961135101789019,0.05170330248600662
2.960526315789473,0.05152373836952615
2.959917780061665,0.051334157141750276
2.9593094944512948,0.05137773648421427
2.958701458804192,0.05149892535761909
2.9580936729663105,0.05152843888805011
2.957486136783734,0.05148373156404069
2.9568788501026693,0.0517655482912286
2.9562718127694523,0.051432414378321765
2.955665024630542,0.051456170406476986
2.9550584855325264,0.05142265437540617
2.954452195322117,0.05178513555663504
2.9538461538461536,0.051726218296916295
2.9532403609516,0.05204895253637975
2.9526348164855447,0.05228555688345319
2.952029520295203,0.05228877362116401
2.951424472227916,0.05201434448368953
2.950819672131148,0.0517833148182726
2.9502151198524893,0.05227230681490688
2.949610815239656,0.05266107028666785
2.9490067581404875,0.05290384980685713
2.9484029484029484,0.05286642897485864
2.947799385875128,0.05237630195225469
2.94719607040524,0.05200339354152389
2.9465930018416207,0.052110577082158445
2.9459901800327333,0.052134782253503334
2.9453876048271628,0.05197682605255739
2.9447852760736195,0.052064367724798305
2.9441831936209364,0.0520303481128039
2.9435813573180707,0.05199887269262966
2.942979767014102,0.05189125527911826
2.9423784225582343,0.0519507477055093
2.9417773237997955,0.05183364390510495
2.941176470588235,0.05178361382263459
2.9405758627731267,0.051798631029664866
2.939975500204165,0.05164327536024273
2.939375382731169,0.05181087587677962
2.9387755102040813,0.052091110133057436
2.9381758824729647,0.05196172120696349
2.937576499388005,0.05181420840203107
2.9369773607995104,0.05196178634444528
2.936378466557912,0.052177491195384756
2.935779816513761,0.052241493061276546
2.935181410517733,0.052221549273175384
2.934583248420624,0.051845473810768435
2.93398533007335,0.051705886608892096
2.9333876553269507,0.0518119068943912
2.9327902240325865,0.05209094595729219
2.93219303604154,0.051889719304244956
2.931596091205212,0.051943024489564824
2.930999389375127,0.052093917362025864
2.93040293040293,0.05226895791186846
2.9298067141403865,0.052474969274502334
2.929210740439381,0.05233898258324256
2.928615009151922,0.05216768197069983
2.9280195201301344,0.052187241180722904
2.9274242732262654,0.05244850308221199
2.926829268292683,0.052794813797728955
2.9262345051818737,0.05283215739956263
2.9256399837464446,0.05269070997585653
2.9250457038391224,0.052737195488903
2.9244516653127537,0.052663238013857805
2.9238578680203045,0.052533979399216765
2.92326431181486,0.05237512381643597
2.9226709965496247,0.052714418677811924
2.9220779220779223,0.0529786389013871
2.9214850882531955,0.05293595130127892
2.920892494929006,0.05277443549422373
2.9203001419590344,0.05305346439500173
2.9197080291970803,0.0531901117891625
2.919116156497061,0.052939267841610425
2.918524523713012,0.05275051716550577
2.917933130699088,0.052751717358213296
2.917341977309562,0.0530383862853179
2.916751063398825,0.052967795724233185
2.9161603888213854,0.05304455130700475
2.915569953431869,0.05287665954717406
2.91497975708502,0.0527648068643247
2.914389799635701,0.05261286156819702
2.913800080938891,0.05279032789968287
2.9132106008496867,0.05265433334769081
2.912621359223301,0.05288946766159395
2.912032355915066,0.052932854332725085
2.9114435907804284,0.05287937492606213
2.9108550636749544,0.05290583799865502
2.910266774454325,0.05281860168432995
2.909678722974338,0.05306523525894184
2.909090909090909,0.052998408320795706
2.9085033326600684,0.05316417202220209
2.9079159935379644,0.053009482299587615
2.9073288915808604,0.05293994818422309
2.906742026645136,0.052982497882183774
2.906155398587285,0.052981461425766686
2.905569007263922,0.053008179939904934
2.904982852531773,0.053073352730274005
2.9043969342476808,0.05309459617682632
2.9038112522686026,0.05319838220167444
2.903225806451613,0.05297539212842101
2.9026405966539004,0.05289331056123054
2.9020556227327687,0.05305265146689188
2.901470884545638,0.05316372074153106
2.9008863819500403,0.053252428947675845
2.900302114803625,0.05475720345704255
2.899718082964156,0.05848266716207393
2.8991342862895104,0.055728302865842176
2.8985507246376816,0.053589474067986115
2.897967397866774,0.05360149041911741
2.89738430583501,0.05342874641860533
2.896801448400724,0.053701834056021386
2.8962188254223653,0.05359615574161272
2.895636436758496,0.05337715373288696
2.8950542822677927,0.05306704108594664
2.8944723618090453,0.053338893787675326
2.893890675241157,0.05325408398005387
2.8933092224231465,0.053131431695374015
2.892728003214142,0.053126573408629835
2.8921470174733885,0.05321709142203437
2.891566265060241,0.05332048385410135
2.8909857458341697,0.05339854021958024
2.890405459654757,0.05333059025089153
2.8898254063816977,0.05337576303063924
2.8892455858748,0.05347342598449042
2.888665997993982,0.05369961848922385
2.888086642599278,0.053902023906731156
2.887507519550832,0.0537750802863105
2.886928628708901,0.05379266859677787
2.8863499699338546,0.05394104667111571
2.885771543086173,0.05385556948303398
2.885193348026448,0.05379444207607144
2.8846153846153846,0.05416922802791725
2.884037652713799,0.05403083891853932
2.88346015218262,0.05403273243893478
2.882882882882883,0.054169715260187684
2.8823058446757406,0.05396109389226985
2.8817290374224536,0.05378440084006044
2.881152460984393,0.05384305913574148
2.880576115223045,0.05413002224474087
2.88,0.054091950572714875
2.8794241151769646,0.05408286010256408
2.8788484606157536,0.05413341334755284
2.878273036178293,0.0544346414200173
2.877697841726619,0.054569666068781754
2.8771228771228774,0.054568276949316354
2.876548142229325,0.05447670160000762
2.8759736369083284,0.05437673442186398
2.8753993610223643,0.05412412946709852
2.874825314434019,0.054138043218294754
2.874251497005988,0.054231056456413455
2.8736779086010777,0.054317520383623676
2.8731045490822025,0.05425933014474963
2.872531418312388,0.05415321205570592
2.8719585161547667,0.05427127354774571
2.8713858424725824,0.05421834000365132
2.8708133971291865,0.05429622098897371
2.8702411799880405,0.054132371395009586
2.869669190912714,0.054174010281872124
2.8690974297668856,0.05458609874707362
2.8685258964143427,0.05464839085555499
2.8679545907189805,0.05439978035426348
2.867383512544803,0.05407602064045306
2.8668126617559224,0.054118041284222436
2.8662420382165603,0.05416189153387949
2.865671641791045,0.05435252413828563
2.865101472343812,0.054280902225437966
2.8645315297394074,0.05432624428239803
2.863961813842482,0.05446347512399041
2.863392324517797,0.054604037762896
2.862823061630219,0.05451506746095031
2.862254025044723,0.05445724241501797
2.861685214626391,0.054481435810105554
2.861116630240413,0.054706475534822774
2.860548271752086,0.054716788804458426
2.8599801390268125,0.054464745174451594
2.8594122319301034,0.05464498531389487
2.858844550327576,0.05486766117029396
2.8582770940849542,0.054934226638046944
2.857709863068069,0.05561253560992751
2.857142857142857,0.0563156850285909
2.856576076175362,0.055162038641203004
2.856009520031733,0.054518980492120644
2.855443188578227,0.054681005050767284
2.854877081681205,0.054622327323623626
2.854311199207136,0.055114163439671425
2.853745541022592,0.055196322930372334
2.853180106994254,0.05455189714875366
2.8526148969889062,0.05427286137591256
2.8520499108734403,0.054800685839797345
2.851485148514852,0.055114144891300246
2.8509206097802418,0.05510762282411228
2.8503562945368173,0.055276579792053145
2.84979220265189,0.05518688783032281
2.849228333992877,0.05514846167886364
2.8486646884273,0.055100139037285174
2.848101265822785,0.05481125460227725
2.8475380660470635,0.05475457964092939
2.846975088967972,0.05498241960596087
2.8464123344534493,0.054799467865237414
2.845849802371541,0.05509729753154014
2.8452874925903973,0.05532015999734458
2.844725404978269,0.05535413880829774
2.844163539403516,0.0556574189816532
2.843601895734597,0.05627352820051546
2.843040473840079,0.057235689078294814
2.8424792735886304,0.057212986481426406
2.841918294849023,0.055681911340993644
2.841357537490134,0.05535426133662089
2.8407970013809427,0.05547161693729014
2.8402366863905324,0.05521440970913765
2.839676592388089,0.055165872484377765
2.8391167192429023,0.055444728426299904
2.838557066824364,0.055567856182438
2.8379976350019707,0.05589351058249866
2.83743842364532,0.05581045931041612
2.8368794326241136,0.05549228524908862
2.8363206618081547,0.05548817613548769
2.835762111067349,0.055549027412865395
2.8352037802717067,0.055692041891139715
2.8346456692913384,0.055279597551189795
2.8340877779964577,0.055209746236301496
2.833530106257379,0.055409770572595454
2.832972653944521,0.05554250279991474
2.832415420928403,0.05554161221654386
2.831858407079646,0.05571991067380422
2.831301612268974,0.05600496176740099
2.8307450363672104,0.05586613175670037
2.830188679245283,0.05568811357008797
2.829632540774219,0.055304848158671024
2.829076620825147,0.05523163058935814
2.828520919269299,0.055424096086263246
2.8279654359780046,0.055396503541596115
2.8274101708226977,0.055565452916961126
2.826855123674912,0.055855484649564836
2.8263002944062805,0.05552078175728483
2.8257456828885403,0.05563454495999798
2.825191288993526,0.055627013947663215
2.824637112593174,0.05560410225179965
2.824083153559521,0.05592658267365777
2.8235294117647056,0.0557508515765969
2.8229758870809647,0.05571762718220686
2.822422579380635,0.05588021008224731
2.821869488536155,0.05579763267499987
2.8213166144200628,0.056090050338615915
2.820763956904995,0.056013602441334444
2.82021151586369,0.05591976125612444
2.819659291168984,0.05573679305254473
2.819107282693813,0.055754362037356155
2.818555490311216,0.055945161429605414
2.8180039138943247,0.05605182835463349
2.817452553316376,0.05608710899118797
2.8169014084507045,0.05594674462870119
2.816350479170741,0.056231503721023875
2.8157997653500195,0.056302281495463034
2.81524926686217,0.056300871278151685
2.8146989835809224,0.05618758392005586
2.814148915380106,0.055900052751621764
2.813599062133646,0.055789036367827276
2.813049423715569,0.056055524903886725
2.8125,0.056044656974733126
2.81195079086116,0.056112367450732614
2.81140179617337,0.056291378444674425
2.8108530158110483,0.0560577526708987
2.810304449648712,0.056072374300901465
2.8097560975609754,0.056396701690624496
2.8092079594225514,0.056439476542577346
2.8086600351082507,0.05619571996066039
2.80811232449298,0.05606813622780647
2.807564827451745,0.05606480603134967
2.807017543859649,0.05642422864645665
2.8064704735918924,0.056464608099717956
2.8059236165237724,0.056399961992644104
2.805376972530684,0.05637121035423167
2.8048305414881183,0.05642399355504914
2.804284323271665,0.05643908040676074
2.803738317757009,0.0565546108627253
2.803192524819934,0.05653321397267663
2.802646944336318,0.056523022033970485
2.8021015761821366,0.05653731941365051
2.801556420233463,0.05661969210787915
2.8010114763664653,0.05671912896649442
2.8004667444574096,0.056654496330092
2.799922224382656,0.05679012419875488
2.7993779160186625,0.05664132659882442
2.7988338192419824,0.05621353949495895
2.798289933929265,0.05628785829263058
2.7977462599572567,0.05673100870897482
2.797202797202797,0.05689223530411583
2.796659545542824,0.05692447970694971
2.796116504854369,0.05685811387850882
2.7955736750145603,0.05662837269080847
2.7950310559006213,0.05658761955882119
2.79448864738987,0.056832097221091483
2.7939464493597206,0.05701507067460567
2.7934044616876816,0.05702181369465992
2.7928626842513573,0.056949729320061065
2.7923211169284468,0.05710746240158156
2.791779759596743,0.057047961914597815
2.7912386121341344,0.05700050261671515
2.7906976744186047,0.057562661059358984
2.790156946328231,0.05748381701219923
2.789616427741185,0.05738758678409177
2.789076118535735,0.057141358784846635
2.78853601859024,0.05707047814931257
2.787996127783156,0.05671405656378264
2.787456445993031,0.05692241121765844
2.786916973098509,0.057034797427011764
2.7863777089783284,0.05707201677859059
2.785838653511317,0.05691247214571634
2.7852998065764023,0.056983856354776256
2.7847611680526008,0.05687229212856313
2.784222737819025,0.057004677012279674
2.783684515754881,0.05737358581698513
2.7831465017394668,0.05711097904701561
2.782608695652174,0.05689687348752913
2.7820710973724885,0.057168240889834514
2.7815337067799883,0.057377389931665246
2.7809965237543457,0.057453509373880836
2.780459548175324,0.05746228525440216
2.77992277992278,0.05747580189829329
2.7793862188766645,0.057568675057212006
2.7788498649170204,0.05736275516131225
2.7783137179239823,0.05731491060631748
2.7777777777777777,0.0573062819530267
2.777242044358727,0.05736186347528143
2.7767065175472423,0.05751155081030155
2.7761711972238285,0.057493163899448446
2.7756360832690827,0.05732430170590837
2.7751011755636927,0.057336152973962176
2.77456647398844,0.05735242123548127
2.774031978424196,0.057448123010814214
2.773497688751926,0.057669672392278076
2.7729636048526864,0.057581159265384325
2.772429726607624,0.05740393019883049
2.771896053897979,0.05734365586951156
2.771362586605081,0.057133168713320054
2.770829324610352,0.057503558663539255
2.770296267795306,0.057582443555373466
2.7697634160415467,0.05749468683701195
2.769230769230769,0.05733958100766244
2.7686983272447607,0.05722017216909389
2.7681660899653977,0.05736307606649275
2.767634057274649,0.05765167554741182
2.767102229054573,0.05758642374442335
2.76657060518732,0.05760473422476613
2.7660391855551287,0.05735104351310343
2.76550797004033,0.0573020179512603
2.7649769585253456,0.05764553842586893
2.764446150892686,0.05783836665058342
2.763915547024952,0.05772230303397771
2.763385146804836,0.057876404524176334
2.762854950115119,0.05773351352099395
2.7623249568386723,0.05749109498833055
2.761795166858458,0.05756984931419944
2.7612655800575263,0.057745363922749815
2.7607361963190185,0.05769436228408487
2.760207015526164,0.05746876058575767
2.759678037562284,0.05758880914090815
2.759149262310788,0.057497524926188405
2.7586206896551726,0.05790607178130814
2.758092319479027,0.05803095746588406
2.757564151666028,0.057950652277676186
2.7570361860999424,0.057869365172832504
2.756508422664625,0.057932637670997114
2.75598086124402,0.057856148911056025
2.755453501722158,0.05798019122127463
2.7549263439831644,0.05797480263073136
2.754399387911247,0.05795452279055769
2.753872633390706,0.058049130664903574
2.753346080305928,0.058117206485019765
2.752819728541388,0.05802502466153135
2.752293577981652,0.05821557330942103
2.75176762851137,0.058202678961697576
2.751241880015285,0.05794853292605025
2.750716332378224,0.058154970164187414
2.750190985485103,0.05858196758511096
2.749665839220928,0.05848357768837155
2.7491408934707904,0.058318062587257635
2.7486161481198703,0.05808150388373735
2.748091603053436,0.05834312346976835
2.7475672581568404,0.05840196061223782
2.747043113315528,0.05837805821444263
2.7465191684150296,0.058090689932944056
2.7459954233409607,0.058072421988585574
2.745471877979028,0.05822908222758897
2.744948532215021,0.058267089135340115
2.74442538593482,0.05839413179123827
2.74390243902439,0.05835815065423197
2.7433796913697845,0.058207774403082696
2.742857142857143,0.05842370242098645
2.742334793372691,0.05853215608324752
2.7418126428027416,0.05814503807921978
2.741290691033695,0.05821108172154705
2.740768937952037,0.058256851008396074
2.740247383444339,0.058450350756340995
2.73972602739726,0.058239694184301215
2.739204869697546,0.05846774402467141
2.7386839102320275,0.058642672702438094
2.738163148887621,0.058637406362032754
2.737642585551331,0.058589387669663394
2.7371222201102454,0.05849147841065176
2.7366020524515395,0.058406091604217385
2.736082082462474,0.058120155096717814
2.735562310030395,0.05865061853411423
2.735042735042735,0.05867270911418309
2.734523357387011,0.05846545507878194
2.734004176950826,0.05843669963334555
2.733485193621868,0.0585436519611576
2.7329664072879103,0.05873688681454918
2.732447817836812,0.05870454876138704
2.7319294251565167,0.05863855199610176
2.731411229135053,0.05878776714894356
2.7308932296605346,0.058967852739352185
2.73037542662116,0.058797079631736304
2.729857819905213,0.058799654653049524
2.7293404094010616,0.05866308454386246
2.7288231949971573,0.0585464395556971
2.7283061765820387,0.05856435925107005
2.7277893540443263,0.059291738375036214
2.7272727272727275,0.059931604124880904
2.726756296156031,0.05910615673168769
2.7262400605831125,0.058597085224210914
2.72572402044293,0.05867455533984914
2.7252081756245268,0.058796442902416264
2.7246925260170296,0.059036466473326846
2.724177071509648,0.05901683357866581
2.723661811991678,0.0588465223726266
2.723146747352496,0.058817297917079445
2.722631877481565,0.05866916214174453
2.722117202268431,0.05895712658593859
2.721602721602722,0.05896376653924125
2.7210884353741496,0.0589417967816076
2.720574343472511,0.058732319688784236
2.720060445787684,0.05859771899980007
2.719546742209632,0.05884094237312194
2.719033232628399,0.05877443108854021
2.7185199169341137,0.05889320692081087
2.718006795016988,0.05889171877743161
2.7174938667673145,0.05892165752253107
2.7169811320754715,0.059082687781659496
2.716468590831919,0.05900185193555414
2.7159562429271973,0.05891771943215663
2.715444088251933,0.05880026939186365
2.7149321266968327,0.05928616706570555
2.714420358152686,0.05945733655600689
2.713908782510366,0.059525799393228655
2.7133973996608254,0.05996464629135321
2.712886209495102,0.05945042936804009
2.7123752119043134,0.05920832087310038
2.711864406779661,0.059376041740714446
2.711353794012428,0.05936061368435631
2.710843373493976,0.05906635666592473
2.710333145115754,0.05947422265466705
2.709823108769289,0.059926183704689454
2.7093132643461897,0.060024708223075596
2.708803611738149,0.0595828772740869
2.708294150836938,0.059368920978708654
2.7077848815344114,0.059253019648564206
2.707275803722504,0.059439246426926086
2.706766917293233,0.05944045877436043
2.706258222138696,0.05927102483042613
2.705749718151071,0.0593676612143583
2.705241405222619,0.059215234283468685
2.70473328324568,0.059292029019463906
2.704225352112676,0.059295292000904345
2.70371761171611,0.059308108723416464
2.703210061948564,0.05933572773759032
2.702702702702702,0.059491537397269756
2.7021955338712704,0.059204715809963615
2.701688555347092,0.059130652983012545
2.7011817670230727,0.05899826112170745
2.7006751687921984,0.059059592076148845
2.7001687605475344,0.05941655973742291
2.699662542182227,0.05966571361206377
2.699156513589504,0.05951817265645059
2.6986506746626686,0.05921381830520762
2.69814502529511,0.05926652200437381
2.6976395653802925,0.05931101327003285
2.6971342948117623,0.05944982803028555
2.696629213483146,0.05937665946594195
2.6961243212881483,0.05940261854487029
2.695619618120554,0.059656271758112965
2.695115103874228,0.05953838545807165
2.694610778443114,0.05963005686359719
2.6941066417212345,0.05964782042237722
2.6936026936026933,0.06006649537746039
2.693098933981672,0.05979009309178833
2.692595362752431,0.05993025567762226
2.69209197980931,0.06015309512394303
2.691588785046729,0.05978065319092323
2.691085778359185,0.05982063399188228
2.690582959641256,0.0595925323596554
2.690080328787596,0.05982869680174692
2.68957788569294,0.05957032743297447
2.6890756302521006,0.05944902868222149
2.68857356235997,0.05979579587747571
2.688071681911518,0.05989254740113613
2.687569988801792,0.06007492031667746
2.687068482925919,0.05997627113080447
2.686567164179104,0.059782711403002446
2.686066032456631,0.05974547742278617
2.6855650876538606,0.05974157682193356
2.685064329666232,0.05985485232442268
2.684563758389262,0.06030005936416487
2.684063373718546,0.060281605733533875
2.6835631755497578,0.05988217256156124
2.683063163778648,0.05995167085818128
2.682563338301043,0.060088728802715985
2.6820636990128515,0.059961767837307514
2.681564245810056,0.059794973079589635
2.681064978588717,0.060249301329573714
2.680565897244974,0.060046448301770285
2.680067001675042,0.059606840583702844
2.679568291775214,0.05972466826576355
2.6790697674418604,0.05978210948343602
2.6785714285714284,0.059719083302261895
2.678073275060443,0.05953478573468276
2.677575306805504,0.059772507732031015
2.6770775237032907,0.06009297892216086
2.676579925650558,0.05997899663115663
2.6760825125441365,0.06003264446584984
2.6755852842809364,0.059871930145529884
2.6750882407579417,0.059649311800173827
2.6745913818722142,0.059717735218067614
2.6740947075208914,0.06001255534127389
2.6735982176011883,0.06006675350070272
2.673101912010395,0.060166408727289726
2.67260579064588,0.05984220102322992
2.6721098534050847,0.06006632982910128
2.6716141001855287,0.060101608801199954
2.671118530884808,0.06008854673473593
2.6706231454005933,0.06000218449290723
2.6701279436306327,0.060031988895930796
2.669632925472748,0.05998868416723991
2.6691380908248377,0.060019835979079644
2.6686434395848777,0.05998928610532826
2.668148971650917,0.06015648139933893
2.667654686921082,0.06044624033945298
2.667160585293573,0.060621333329822794
2.6666666666666665,0.06110023685136184
2.666172930938715,0.06064976353798465
2.665679378008145,0.060342602396788896
2.6651860077734595,0.06038020650443417
2.6646928201332347,0.06010080525407429
2.664199814986124,0.06007745295202817
2.6637069922308547,0.05989847255051937
2.663214351766229,0.0600041042626591
2.6627218934911245,0.060464252802881924
2.662229617304493,0.060322682430320865
2.6617375231053604,0.060372769457556215
2.6612456107928293,0.060265438530151524
2.660753880266076,0.060198203370293836
2.6602623314243488,0.06024723535453144
2.6597709641669747,0.06017376116595455
2.659279778393352,0.0600425758446673
2.658788774002954,0.06027985700678374
2.6582979508953293,0.060254741660876666
2.6578073089701,0.060315087131934425
2.657316848126961,0.06053383637441709
2.656826568265682,0.060241104328296
2.6563364692861096,0.06065475054897672
2.655846551088159,0.060615690086952306
2.655356813571824,0.06054623510307363
2.6548672566371683,0.06055006975601494
2.654377880184332,0.06043836835110389
2.6538886841135274,0.06119561359912978
2.6533996683250414,0.06202356925480059
2.652910832719233,0.06100036399411806
2.652422177196537,0.06069606165707028
2.6519337016574585,0.06058168531479307
2.6514454060025776,0.06058890158564068
2.650957290132548,0.060333076591854974
2.650469353948095,0.06036848824361559
2.6499815973500187,0.06055278027785511
2.6494940202391906,0.060338277825648844
2.6490066225165565,0.05989069629359437
2.648519404083134,0.06010441025534602
2.6480323648400144,0.06039688220174367
2.647545504688362,0.060327214686044704
2.647058823529412,0.06058992073520855
2.6465723212644736,0.06068744453191497
2.6460859977949283,0.060596660116676124
2.6455998530222304,0.0605206901195919
2.645113886847906,0.06074092731870167
2.644628099173554,0.0605670874954635
2.6441424899008448,0.060519662262440065
2.643657058931522,0.060657698905940756
2.643171806167401,0.06044247352056013
2.642686731510369,0.060675952709747405
2.642201834862385,0.06063059918853175
2.641717116125481,0.060657753660577615
2.641232575201761,0.06078353006030085
2.640748211993398,0.060693209854378406
2.64026402640264,0.06094232300954005
2.639780018331806,0.06070408415684526
2.6392961876832843,0.06040514547302274
2.638812534359538,0.060482567688568384
2.6383290582631,0.06069754575382224
2.6378457592965745,0.060958819548903365
2.6373626373626373,0.0606209608339572
2.636879692364036,0.060625179716335714
2.6363969242035883,0.060544203174095874
2.6359143327841843,0.06063801578973176
2.635431918008785,0.0608497326975672
2.634949679780421,0.06075851077140942
2.6344676180021955,0.060522115344054175
2.633985732577282,0.060293698871200334
2.6335040234089244,0.060597418312049685
2.6330224904004385,0.06067603637688514
2.6325411334552102,0.060619519557536895
2.632059952476695,0.06102193501884719
2.631578947368421,0.06081441398057637
2.631098118033985,0.0606354927546646
2.630617464377055,0.06065934017066366
2.63013698630137,0.06058853043961566
2.629656683710738,0.06033301472825465
2.6291765565090377,0.060578784519481316
2.628696604600219,0.06073091067219205
2.6282168278883007,0.060609598770703946
2.6277372262773726,0.060711395799522554
2.6272577996715927,0.06080869317161122
2.626778547975192,0.060785567870548216
2.626299471092468,0.06094130185240219
2.62582056892779,0.06053372137965404
2.6253418413855973,0.06084605917646539
2.6248632883703973,0.06105090053911952
2.6243849097867686,0.06083254858794618
2.6239067055393583,0.060992359365966364
2.623428675532884,0.06116209730178917
2.6229508196721314,0.06115388663973827
2.622473137861956,0.06089091903682567
2.621995630007284,0.06068888619837759
2.621518296013108,0.06085191282974294
2.621041135784492,0.06105139577984427
2.6205641492265697,0.06109049799908211
2.6200873362445414,0.06128748489024487
2.6196106967436785,0.06116270923177815
2.6191342306293195,0.06112637644364829
2.6186579378068737,0.06124564186769525
2.618181818181818,0.06115710223120393
2.617705871659698,0.061036397917156614
2.6172300981461287,0.06127993943208582
2.6167544975467925,0.06129948365620301
2.6162790697674416,0.06087565371992798
2.6158038147138964,0.060916236317329744
2.615328732292045,0.06115799424951761
2.6148538224078446,0.061024865790645644
2.6143790849673203,0.06116523029797584
2.6139045198765656,0.061389726177967174
2.6134301270417426,0.06144200826666681
2.61295590636908,0.06114771069684384
2.6124818577648767,0.06114515090451347
2.612007981135498,0.061005031323334236
2.6115342763873777,0.06114123452712935
2.611060743427017,0.060835643857114215
2.610587382160986,0.06102072449261798
2.6101141924959217,0.061208667340383376
2.6096411743385284,0.061366718447823425
2.6091683275955786,0.06164288134177735
2.608695652173913,0.0619082078387785
2.6082231479804383,0.0612297843283813
2.6077508149221296,0.06114004292620667
2.607278652906029,0.06130800353528266
2.6068066618392467,0.06138455841304398
2.606334841628959,0.06103451510419262
2.6058631921824107,0.06083199036948451
2.605391713406912,0.06096052670585418
2.6049204052098407,0.06119740122973994
2.6044492674986435,0.06123434736178859
2.603978300180832,0.06117592490216645
2.603507503163985,0.06105017803462229
2.6030368763557483,0.0608586330045501
2.602566419663835,0.060986951554698195
2.6020961329960244,0.061352439096247
2.6016260162601625,0.06095426134659111
2.601156069364162,0.061154058541792775
2.6006862922160017,0.06176875076885811
2.600216684723727,0.06210989527173816
2.5997472467954506,0.06180984042581228
2.5992779783393503,0.061633422223073525
2.5988088792636708,0.06140960771607915
2.598339949476723,0.0612370879616599
2.5978711888868844,0.061444972436509995
2.5974025974025974,0.06143413330264308
2.596934174932372,0.06101365891464682
2.596465921384782,0.06125945862744372
2.5959978366684697,0.061885967481910324
2.595529920692141,0.062203549843887075
2.5950621733645702,0.06160351578351072
2.5945945945945943,0.06118107295509394
2.594127184291119,0.06104061352933868
2.5936599423631126,0.061068151441563016
2.593192868719611,0.061295870031786166
2.592725963269716,0.061470992118052
2.592259225922592,0.06171374405518148
2.591792656587473,0.06177448109466482
2.591326255173655,0.06167291807492882
2.5908600215905,0.061137663747838446
2.5903939557474365,0.06124764711590586
2.5899280575539567,0.06109432460617657
2.589462326919618,0.06091602790706212
2.5889967637540456,0.06084597369339759
2.588531367966924,0.061243148579812445
2.5880661394680087,0.061141311057385433
2.587601078167116,0.06137812086752386
2.5871361839741285,0.06138515139101716
2.586671456798994,0.061299709304660936
2.586206896551724,0.061335609321697786
2.5857425031423955,0.06173681787668709
2.585278276481149,0.06117231612796797
2.5848142164781907,0.0612112371221493
2.5843503230437905,0.061129793783881364
2.583886596088283,0.060971084521782445
2.583423035522067,0.061007252534161505
2.5829596412556053,0.06121596422623373
2.582496413199426,0.061276924961968016
2.5820333512641205,0.06118388634114645
2.581570455360344,0.061161972902394085
2.581107725398817,0.06108493587901147
2.5806451612903225,0.06147547655361886
2.5801827629457086,0.061412908321140144
2.5797205302758868,0.061496358087675784
2.5792584631918323,0.061070626097761205
2.5787965616045847,0.061028189319460954
2.5783348254252463,0.06119510748835026
2.577873254564984,0.061114924823439214
2.577411848935028,0.061209708595731424
2.576950608446672,0.06140860847650356
2.576489533011272,0.061178268053273956
2.5760286225402504,0.06143787213059284
2.5755678769450903,0.061220639115044134
2.575107296137339,0.061247606073269026
2.574646880028608,0.06144163811227807
2.574186628530569,0.06122350275580559
2.57372654155496,0.06087844773772154
2.573266619013581,0.06101343658582733
2.572806860818296,0.06109376401149645
2.572347266881029,0.06118348336938469
2.5718878371137706,0.06086695262346107
2.571428571428571,0.061117970501812995
2.570969469737547,0.06112956774920743
2.5705105319528743,0.0612790981820383
2.5700517579867928,0.06115965595419231
2.569593147751606,0.06107847179102422
2.569134701159679,0.06107751905287674
2.568676418123439,0.0611230381074843
2.568218298555377,0.06081887690213976
2.5677603423680457,0.06107288467641515
2.56730254947406,0.061280947602425924
2.5668449197860963,0.06133609199585981
2.566387453216896,0.06115352657048162
2.5659301496792586,0.06127378175022332
2.5654730090860505,0.06146901848955381
2.565016031350196,0.061227914701496876
2.564559216384684,0.061101522558738026
2.564102564102564,0.0611723122949742
2.5636460744169485,0.06108591064241863
2.5631897472410112,0.06103820534957806
2.562733582487988,0.06106316400840103
2.5622775800711746,0.06148272231029143
2.561821739903932,0.06170384523469946
2.56136606189968,0.06170801234993511
2.5609105459719013,0.06135570471434927
2.5604551920341394,0.06333397746181127
2.56,0.06711541583792517
2.5595449697831496,0.06280498436048597
2.559090101297316,0.061705857739612
2.55863539445629,0.061651174217945755
2.5581808491739206,0.061302856497216444
2.5577264653641207,0.061275062898796105
2.557272242940863,0.06130390498852284
2.5568181818181817,0.06096182326159605
2.5563642819101724,0.06122681569602706
2.5559105431309903,0.06110680104428946
2.555456965394854,0.061021336982317924
2.55500354861604,0.06108089775311626
2.554550292708888,0.06100724542302518
2.5540971975877973,0.061085645596665586
2.5536442631672283,0.061026516497309495
2.5531914893617023,0.06104374237419044
2.5527388760858005,0.06119432696015014
2.552286423254165,0.06112656685013031
2.5518341307815,0.06088291372312833
2.5513819985825656,0.06115748428807203
2.550930026572188,0.061161488720005416
2.5504782146652496,0.0615150951216088
2.550026562776696,0.06216679379578534
2.54957507082153,0.06185324853238428
2.5491237387148167,0.061471265144876525
2.5486725663716814,0.060778652646208096
2.5482215537073083,0.06073414812472649
2.5477707006369426,0.060768796016488456
2.547320007075889,0.060861388316416916
2.546869472939512,0.061041331041469846
2.546419098143236,0.06109836426131726
2.545968882602546,0.06092798927956645
2.545518826232985,0.06075867292555276
2.5450689289501587,0.06058330559213535
2.5446191906697297,0.060866475261690145
2.5441696113074204,0.06095336701159232
2.5437201907790143,0.06083869698521668
2.543270929000353,0.06095235030087538
2.5428218258873385,0.06070349692585933
2.5423728813559325,0.06116402323210252
2.5419240953221536,0.060972217782745634
2.5414754677020825,0.06099796217611893
2.541026998411858,0.06077859323598139
2.540578687367678,0.060788850577256325
2.5401305344858,0.06101661225990388
2.5396825396825395,0.06109572187403419
2.539234702874273,0.06107112478815592
2.538787023977433,0.0616056505486541
2.538339502908514,0.06159551231994328
2.537892139584068,0.060972411628134965
2.537444933920705,0.061087354875289906
2.536997885835095,0.0611624853400684
2.536550995243967,0.06099543074370538
2.5361042620641068,0.06089831305689352
2.5356576862123617,0.06106474465416602
2.535211267605634,0.06094393621788442
2.534765006160887,0.06073954636474943
2.5343189017951424,0.060478184191939996
2.533872954425479,0.060793463649098
2.533427163969036,0.0606534815967726
2.532981530343008,0.06063997497106585
2.53253605346465,0.06063747109108615
2.532090733251275,0.0606488207540934
2.531645569620253,0.06097496250059242
2.531200562489014,0.06075914696866418
2.530755711775044,0.060571782104476224
2.5303110173958885,0.06068705269520997
2.529866479269149,0.060886781776833876
2.529422097312489,0.0608101966485549
2.5289778714436246,0.060831752239642344
2.5285338015803336,0.060661352119282023
2.5280898876404496,0.06100308293374479
2.527646129541864,0.060922867619937746
2.527202527202527,0.06107271488997685
2.5267590805404456,0.0606587734017742
2.5263157894736845,0.0604670366494541
2.525872653920365,0.060618894043885346
2.525429673798667,0.060746091472806
2.524986849026828,0.060840981573531815
2.5245441795231414,0.060542640141659734
2.52410166520596,0.06059785394039574
2.5236593059936907,0.0605793579224623
2.5232171018048013,0.060681775317591086
2.522775052557813,0.06059897130089817
2.522333158171308,0.060241392102355275
2.521891418563923,0.060551802753370916
2.5214498336543514,0.060555363489186165
2.5210084033613445,0.0606299599920909
2.520567127603711,0.06115889883587287
2.520126006300315,0.0624241683098645
2.5196850393700787,0.06131541970219375
2.5192442267319803,0.0606436997120894
2.518803568305055,0.060633087722964614
2.5183630640083945,0.060748452742289176
2.517922713761147,0.06065303979850525
2.517482517482517,0.06063082715582145
2.517042475091768,0.06065774037853451
2.516602586508214,0.06063844582956085
2.516162851651232,0.06068590460473719
2.5157232704402515,0.060721013093981015
2.51528384279476,0.06059446475019988
2.5148445686343,0.06038059497253303
2.5144054478784703,0.060606916898121255
2.5139664804469275,0.06057088700725396
2.513527666259382,0.060546494496486046
2.513089005235602,0.06058882664192073
2.512650497295411,0.06061690837544071
2.5122121423586883,0.06065739123379404
2.511773940345369,0.0608337446205883
2.5113358911754444,0.06093372400841813
2.5108979947689627,0.061408644682817426
2.510460251046025,0.06092518190539212
2.510022659926791,0.06087997734038029
2.5095852213314744,0.06107774703828182
2.5091479351803447,0.06104800612815162
2.508710801393728,0.06070393486180819
2.508273819892005,0.06081660305827208
2.5078369905956115,0.06098657625825677
2.50740031342504,0.06071556921295731
2.5069637883008355,0.060856660353609725
2.5065274151436028,0.06132156410152136
2.506091193874,0.06189102943143345
2.505655124412737,0.06139092588336185
2.5052192066805845,0.06113825999984777
2.5047834405983647,0.061218039843541204
2.5043478260869563,0.06114099002505909
2.503912363067293,0.06143668402516677
2.503477051460361,0.06154664141906209
2.5030418911872068,0.06131589892000699
2.502606882168926,0.06157273964851189
2.5021720243266725,0.06279168893167522
2.501737317581654,0.06439878479152501
2.501302761855133,0.06471163640884436
2.5008683570684265,0.06490240892174037
2.5004341031429065,0.07823844630533307
2.5,0.09748559738130748
2.499566047561188,0.07287720000322355
2.499132245748004,0.06288037563522764
2.498698594482041,0.06295571543185889
2.498265093684941,0.06191754580217198
2.497831743278404,0.06106873394273783
2.4973985431841834,0.06086739353844831
2.496965493324085,0.06076310204257971
2.4965325936199725,0.060936680286527205
2.49609984399376,0.06111491750047028
2.495667244367417,0.06076359700995231
2.49523479466297,0.0605910917078944
2.494802494802495,0.060656229826752645
2.494370344708124,0.06075953244688012
2.493938344302044,0.06121014238774557
2.493506493506493,0.061613948281558244
2.4930747922437675,0.06076158459940974
2.492643240436213,0.06067001781092239
2.4922118380062304,0.060607032557915545
2.491780584876276,0.061336563907338576
2.491349480968858,0.06162182417314897
2.490918526206539,0.061134940197940246
2.4904877205119336,0.061179421726974284
2.490057063807712,0.06163928287653202
2.489626556016597,0.06112028803329346
2.4891961970613656,0.060164529004420104
2.488765986864846,0.06050426381573057
2.488335925349922,0.06053816029333581
2.48790601243953,0.061340704964257926
2.4874762480566592,0.061898238120337436
2.4870466321243523,0.060507537993739695
2.4866171645657054,0.05990914049815793
2.4861878453038675,0.05981676956053623
2.485758674262041,0.05973716615287772
2.48532965136348,0.05995091494221192
2.4849007765314925,0.0597997739500523
2.484472049689441,0.059477390552749386
2.4840434707607386,0.05972651538434253
2.483615039668851,0.059922679165475036
2.4831867563373,0.05991186961591168
2.4827586206896552,0.05977572916697903
2.482330632649543,0.06002285055870847
2.4819027921406414,0.05965002770610351
2.4814750990866794,0.059489966939809534
2.4810475534114405,0.05972134442550396
2.48062015503876,0.059562677904589086
2.480192903892525,0.059899675496957176
2.4797657998966764,0.05977514461369171
2.479338842975207,0.0596023021761679
2.4789120330521603,0.05960443366860243
2.478485370051635,0.05942483642474668
2.47805885389778,0.05938706555568191
2.477632484514797,0.05936155489851988
2.4772062618269395,0.059328667356211985
2.476780185758514,0.05937456189873299
2.476354256233878,0.0594949062820355
2.4759284731774414,0.059594148844160616
2.475502836513667,0.05978069620165439
2.475077346167068,0.0598566130734515
2.47465200206221,0.05945287223591545
2.4742268041237114,0.0593403898823608
2.473801752276241,0.059537566258799676
2.473376846444521,0.059648242058615665
2.472952086553323,0.05954414369730743
2.4725274725274726,0.05954237032711148
2.4721030042918453,0.059400735412829864
2.4716786817713694,0.05925573308674343
2.4712545048910246,0.059289622601690906
2.470830473575841,0.05939404692348724
2.4704065877509005,0.05941652145481184
2.469982847341338,0.0595076562971097
2.469559252272337,0.0596696546398293
2.469135802469136,0.05934823260715934
2.4687124978570205,0.05914043801999689
2.46828933836133,0.05920293544926625
2.467866323907455,0.05915537740575925
2.467443454420836,0.059189415278682725
2.4670207298269657,0.059262639599006794
2.466598150051388,0.0590127253121033
2.4661757150196952,0.05886569807961545
2.4657534246575343,0.05895551339650724
2.4653312788906008,0.05898547011029926
2.464909277644642,0.058919421529688605
2.4644874208454564,0.05918727358463722
2.464065708418892,0.059050430094766286
2.463644140290847,0.05882096037179249
2.463222716387273,0.0592722326577423
2.462801436634172,0.05947785183883025
2.4623803009575926,0.05916458359981895
2.4619593092836385,0.05905179035546461
2.4615384615384617,0.058966383038331585
2.461117757648265,0.059145627138116344
2.460697197539303,0.059171619254873783
2.4602767811378783,0.059052426587563864
2.459856508370345,0.05891622138648913
2.4594363791631086,0.05879982588204587
2.459016393442623,0.05882355942486752
2.4585965511353933,0.05898268550334758
2.458176852167976,0.058799939075022095
2.457757296466974,0.058654906662782655
2.4573378839590445,0.05908948485248458
2.4569186145708923,0.05880504963745965
2.456499488229273,0.058564878701269224
2.4560805048609926,0.05878458096229073
2.455661664392906,0.05887978464435531
2.455242966751918,0.05905592968785547
2.4548244118649847,0.058615211250698
2.45440599965911,0.05872406201480226
2.4539877300613497,0.05867616457895809
2.453569602998807,0.058661158461954986
2.4531516183986373,0.058603830626370014
2.452733776188043,0.058825223862248005
2.4523160762942777,0.05893218108962809
2.4518985186446454,0.058856610792247376
2.4514811031664965,0.05897765006001481
2.451063829787234,0.058792004210103097
2.450646698434309,0.05833434635387814
2.450229709035222,0.058541110299701306
2.4498128615175228,0.05880836229452906
2.449396155808812,0.05859797791561996
2.4489795918367347,0.05885345057102809
2.448563169528992,0.058574200020458655
2.4481468888133286,0.0583206384742883
2.447730749617542,0.05841294413222113
2.4473147518694764,0.05846671740082481
2.4468988954970263,0.05855398490427587
2.4464831804281344,0.058496763688310645
2.4460676065907934,0.05853325823860147
2.4456521739130435,0.05854292277685185
2.445236882322975,0.05850590955779674
2.444821731748726,0.05849679849439601
2.4444067221184858,0.058444296202737715
2.4439918533604885,0.05820987419286367
2.4435771254030203,0.05836446972389163
2.443162538174415,0.0584238190631648
2.442748091603053,0.05873480399078912
2.442333785617368,0.05869348419502946
2.441919620145837,0.05824445029692505
2.441505595116989,0.05829926444832931
2.4410917104594,0.05864714072697853
2.440677966101695,0.05850636215644715
2.440264361972547,0.0585050311065445
2.4398508980006777,0.05808251579692934
2.439437574114857,0.05813902145202992
2.4390243902439024,0.05830899657687734
2.438611346316681,0.05835785570864023
2.4381984422621064,0.05833445935370662
2.4377856780091416,0.058369975477330784
2.4373730534867977,0.0583089415263075
2.4369605686241327,0.05814544521058588
2.436548223350254,0.058181758576180236
2.436136017594316,0.05812271664050748
2.435723951285521,0.0582501806149505
2.43531202435312,0.05833964538348915
2.434900236726412,0.05817780799070269
2.4344885883347422,0.05807294991006551
2.4340770791075053,0.05769625601428846
2.4336657089741425,0.05798001626587929
2.433254477864143,0.05830113483358009
2.432843385707045,0.05805191171761876
2.4324324324324325,0.058148292590219995
2.4320216179699377,0.05785229576422238
2.43161094224924,0.05790925144496148
2.431200405200068,0.057854069795954095
2.4307900067521944,0.05809518136162851
2.430379746835443,0.05810093153789113
2.429969625379683,0.057944896674931606
2.4295596423148305,0.057938769548813114
2.42914979757085,0.05769396439794913
2.428740091077753,0.05779468779468864
2.4283305227655987,0.058216966877870986
2.427921092564492,0.05771972356178524
2.4275118004045853,0.05781375075086049
2.4271026462160794,0.05821587186348625
2.426693629929221,0.05814983051159866
2.426284751474305,0.0578261119741065
2.425876010781672,0.05776054859943698
2.425467407781708,0.05791129272780341
2.42505894240485,0.05781400607870021
2.424650614581579,0.05747927553424815
2.4242424242424243,0.057603168375850874
2.42383437131796,0.057561932847276225
2.4234264557388085,0.05758833747628339
2.4230186774356386,0.0575957013958874
2.4226110363391653,0.05744084155512863
2.422203532380152,0.05731049849325662
2.421796165489405,0.05732085466479602
2.4213889355977805,0.057133228793661804
2.42098184263618,0.05730117349407247
2.420574886535552,0.05740582787366274
2.420168067226891,0.05715936803404444
2.419761384641237,0.057156887651500954
2.419354838709677,0.05704249613223681
2.418948429363346,0.05701158554558081
2.418542156533422,0.057281403135291724
2.4181360201511337,0.057709958933177805
2.4177300201477503,0.05732081495005331
2.417324156454592,0.057286271578376985
2.416918429003021,0.05722106538374267
2.4165128377244502,0.057226684943878184
2.416107382550336,0.05711196823326251
2.415702063412179,0.05719085945314375
2.4152968802415296,0.0571704835346554
2.4148918329699813,0.057094557725299186
2.414486921529175,0.057151594826651185
2.414082145850796,0.05715063892890459
2.4136775058665774,0.05716757741800444
2.4132730015082955,0.05699000414811679
2.412868632707774,0.05668216061668293
2.412464399396884,0.0568742812400563
2.412060301507537,0.057332080187656474
2.4116563389716967,0.057247591750740574
2.4112525117213663,0.05748190395493871
2.410848819688599,0.05728326336696384
2.4104452628054904,0.057029039042400205
2.410041841004184,0.05730031156967803
2.409638554216868,0.05735269271677377
2.409235402375774,0.05752747023173777
2.4088323854131817,0.0575038403981219
2.4084295032614147,0.057079373464824355
2.4080267558528425,0.05699637464623432
2.40762414311988,0.05705257108033694
2.407221664994985,0.056761113793528946
2.4068193214106635,0.05684747174189674
2.406417112299465,0.05695077080483859
2.406015037593985,0.05641774731552543
2.405613097226863,0.05656586469579412
2.4052112911307835,0.05683160472458899
2.404809619238477,0.056824697513991634
2.4044080814827185,0.05648575320108374
2.404006677796327,0.0567802318609147
2.4036054081121683,0.0568604472428207
2.403204272363151,0.05675447516721562
2.402803270482229,0.05678036651391944
2.4024024024024024,0.05694697009731963
2.402001668056714,0.05710641869758453
2.401601067378252,0.056920147472091905
2.4012006003001503,0.056665481841466164
2.400800266755585,0.05693040271652049
2.40040006667778,0.05716026488736444
2.4,0.05766389869206845
2.399600066655557,0.057023854854233266
2.3992002665778074,0.056507481242615905
2.39880059970015,0.05656681332436915
2.3984010659560293,0.05631608614426666
2.398001665278934,0.05643759419910222
2.3976023976023977,0.05661810562378965
2.3972032628599966,0.05675664955450789
2.396804260985353,0.05680493994225461
2.396405391912132,0.056525924587425384
2.396006655574044,0.05644408266577833
2.395608051904841,0.05637642635178151
2.395209580838324,0.05615441670657074
2.394811242308332,0.05604236325188396
2.394413036248753,0.056116626903870565
2.3940149625935163,0.0563837655226355
2.3936170212765955,0.056370329278037604
2.393219212232009,0.05648140812335049
2.3928215353938187,0.05652780901662375
2.392423990696129,0.05659508777339614
2.39202657807309,0.057170765786795724
2.391629297458893,0.057260134454335615
2.391232148787778,0.056528614789557445
2.390835131994023,0.0561144203036956
2.3904382470119523,0.0564138185559856
2.3900414937759336,0.05626295948073281
2.3896448722203782,0.05627385650122919
2.389248382279741,0.05663839372713684
2.3888520238885205,0.05700633494683555
2.388455796981257,0.0572456919812762
2.388059701492537,0.05656263012924595
2.3876637373569887,0.05622841412730606
2.387267904509284,0.05592472687432899
2.3868722028841374,0.05611483413583096
2.386476632416308,0.05633431922115445
2.3860811930405963,0.05607299265379459
2.3856858846918487,0.05595552588559623
2.3852907073049527,0.0560394489823019
2.3848956608148395,0.056063116037889826
2.384500745156483,0.05583509955436187
2.3841059602649004,0.05572276296804215
2.383711306075153,0.055859178712841503
2.383316782522344,0.056032003273807994
2.3829223895416183,0.05585599902186543
2.382528127068167,0.05572425222644602
2.3821339950372207,0.055750626640574216
2.3817399933840555,0.05572622127569069
2.381346122043989,0.055478931940239964
2.380952380952381,0.055510083670742
2.380558770044636,0.055601364341038385
2.3801652892561984,0.05567860790135975
2.379771938522558,0.05562321814840349
2.3793787177792467,0.05552174320941511
2.378985626961837,0.05533888955678074
2.3785926660059467,0.055558239288752996
2.378199834847233,0.05549250659468476
2.3778071334214004,0.055574383192060164
2.37741456166419,0.055672431176637595
2.37702211951139,0.055593235375684225
2.376629806898828,0.05558974677388944
2.376237623762376,0.055641267761551635
2.3758455700379475,0.05565850342239347
2.375453645661498,0.05565776461115034
2.375061850569025,0.055542425742659135
2.37467018469657,0.05534620846609404
2.3742786479802143,0.055493105990841896
2.373887240356083,0.05577790756788341
2.3734959617603426,0.0555210722601389
2.3731048121292027,0.05521515440751512
2.3727137913989127,0.05517248916928162
2.372322899505766,0.05523406078235928
2.3719321363860977,0.05532228227847531
2.3715415019762847,0.05502246574786951
2.3711509962127453,0.055248881466691775
2.37076061903194,0.05522503339055459
2.3703703703703702,0.05521788719797568
2.369980250164582,0.05529069594405431
2.36959025835116,0.055247029540006286
2.3692003948667324,0.05511374113273745
2.368810659647969,0.05502038234686419
2.3684210526315788,0.05511850023747557
2.3680315737543167,0.055234726025590944
2.367642222952976,0.05542149451102307
2.3672530001643928,0.0552498118005615
2.366863905325444,0.05504605225222001
2.3664749383730483,0.05524969645881148
2.366086099244167,0.055475422858196115
2.3656973878758008,0.05520475710195909
2.365308804204993,0.055070073646090414
2.364920348168829,0.055087990695335064
2.3645320197044337,0.05531043915210013
2.364143818748974,0.0552989271233486
2.3637557452396583,0.05539352244494906
2.363367799113737,0.05542785227269025
2.3629799803085003,0.055581224914814265
2.36259228876128,0.055397582712773924
2.3622047244094486,0.055274823428303296
2.361817287190421,0.055275748040643786
2.361429977041653,0.055288757591267966
2.36104279390064,0.05489252737274803
2.360655737704918,0.054958273017026604
2.3602688083920667,0.05506715678035678
2.359882005899705,0.05492890453809911
2.359495330165492,0.05462992394439628
2.35910878112713,0.05456497828883747
2.3587223587223587,0.054812375397319285
2.3583360628889616,0.054885337323665136
2.357949893564762,0.05478046240507151
2.357563850687623,0.05474920067838696
2.357177934195449,0.05463650886503142
2.3567921440261865,0.05461609349029986
2.3564064801178204,0.05462118692947538
2.3560209424083767,0.054628895211779986
2.355635530835923,0.05451774075831745
2.3552502453385675,0.05472828563566175
2.354865085854456,0.054501112548551965
2.354480052321779,0.05436565557370831
2.354095144678764,0.054444745783238255
2.353710362863681,0.05433826769432831
2.353325706814839,0.05445117576343108
2.3529411764705883,0.05450980170234016
2.3525567717693185,0.05419347890036962
2.3521724926494607,0.05437118609605752
2.3517883390494854,0.05438043877379631
2.3514043109079035,0.0542519987861577
2.351020408163265,0.054310911277365065
2.3506366307541624,0.05424997608679522
2.3502529786192263,0.05433878724870931
2.349869451697128,0.054499901900126976
2.3494860499265786,0.05445791624735663
2.349102773246329,0.054353127778080074
2.348719621595172,0.05420104951959911
2.348336594911937,0.05387416080833828
2.3479536931354965,0.053984009185588135
2.3475709162047607,0.053875090834717025
2.34718826405868,0.05406480484635666
2.346805736636245,0.05424405179543194
2.346423333876487,0.05414802366387244
2.3460410557184748,0.05406410159513514
2.34565890210132,0.05410122970588073
2.345276872964169,0.05394661967375706
2.344894968246214,0.05393590878083598
2.344513187886682,0.054303245453271524
2.344131531824841,0.054134173907005034
2.34375,0.05374002859625601
2.343368592351505,0.05432380706665069
2.342987308818744,0.05449681783854306
2.342606149341142,0.054507968822324476
2.342225113858165,0.05446006231860478
2.3418442023093182,0.05426658972039324
2.341463414634146,0.05478771851873114
2.341082750772232,0.05504377774476488
2.3407022106631987,0.055028533340799976
2.3403217942467087,0.05538229474219061
2.339941501462463,0.05581545056583729
2.339561332250203,0.056129983815137854
2.3391812865497075,0.05695764667701663
2.338801364300796,0.05817921802464608
2.338421565443326,0.05911876618847225
2.338041889917194,0.06039467728855199
2.337662337662338,0.06185957979385202
2.3372829086187306,0.06300602761240051
2.3369036027263874,0.06450191433970434
2.336524419925361,0.06572735338801136
2.3361453601557427,0.06640024694506637
2.3357664233576645,0.06736157355571953
2.335387609471294,0.06805706491617462
2.335008918436841,0.06833804441541497
2.3346303501945527,0.06784750819924525
2.334251904684714,0.06748382747991448
2.33387358184765,0.06657939343733692
2.333495381623724,0.0652730049330663
2.3331173039533377,0.06376669424665499
2.332739348776932,0.06210733936966058
2.332361516034985,0.06043967668362112
2.3319838056680164,0.058934879775972074
2.3316062176165806,0.05786437104663486
2.3312287518212726,0.05680519526353309
2.330851408222726,0.05619741780476247
2.330474186761612,0.05599482659136319
2.330097087378641,0.056842526351115065
2.329720110014561,0.05541958722001062
2.3293432546101585,0.05464381805104286
2.328966521106259,0.0544355042356204
2.3285899094437257,0.05431653558387784
2.3282134195634603,0.054316427252969986
2.327837051406401,0.05385704786937057
2.3274608049135286,0.05360943060411352
2.3270846800258567,0.05374501602090935
2.32670867668444,0.053575023573078195
2.326332794830372,0.05323625433987071
2.325957034404781,0.05322667583116807
2.3255813953488373,0.053313043938126636
2.325205877603746,0.05325612822856242
2.324830481110752,0.053052230130932
2.324455205811138,0.05323333333637607
2.324080051646224,0.0529551137010582
2.3237050185573667,0.05298895037549947
2.323330106485963,0.053041626472276046
2.3229553153734472,0.05298825105487356
2.32258064516129,0.05277428492328945
2.3222060957910013,0.05276257613713083
2.321831667204128,0.052898328714079686
2.321457359342254,0.05277253784449872
2.3210831721470018,0.05262373136572763
2.320709105560032,0.05271671087457502
2.3203351595230424,0.05286296375154336
2.319961333977767,0.052756391060508695
2.31958762886598,0.052785415534857986
2.319214044129489,0.05290518432978407
2.318840579710145,0.052686499013699976
2.318467235549832,0.052615640635076205
2.3180940115904702,0.052545728725455806
2.317720907774022,0.05259127249750455
2.317347924042485,0.052579552544393136
2.316975060337892,0.0527298153776162
2.316602316602317,0.052633341052885245
2.3162296927778674,0.05268502238776295
2.31585718880669,0.05254644298065897
2.315484804630969,0.05258281683982498
2.315112540192926,0.05232928218653665
2.314740395434818,0.05228779808666877
2.3143683702989395,0.05218649854596995
2.3139964647276234,0.052278788083816044
2.313624678663239,0.05224735225112892
2.3132530120481927,0.05231669434489511
2.312881464824928,0.05217877595543648
2.312510036935924,0.05225904328390258
2.3121387283237,0.0521576447816324
2.311767538930808,0.05245626698595116
2.31139646869984,0.05259798171359871
2.311025517573424,0.05254341156659512
2.310654685494224,0.05215489081360398
2.310283972404941,0.05179960019812712
2.309913378248316,0.052077803969833976
2.309542902967121,0.05196275069351057
2.3091725465041693,0.05196466723563692
2.308802308802309,0.052196570060397775
2.3084321898044244,0.0520822199435013
2.308062189453438,0.05245226182809645
2.3076923076923075,0.052854872319910526
2.307322544464028,0.05230781891305385
2.306952899711631,0.05192865987534102
2.306583373378184,0.05207023275135792
2.3062139654067906,0.05191755257904957
2.3058446757405924,0.05180465711535608
2.3054755043227666,0.051648956984431484
2.3051064510965262,0.05187711195676965
2.3047375160051216,0.05179164879413293
2.304368698991839,0.05177823828491627
2.304,0.051802352507249926
2.303631418972964,0.05165234186276284
2.3032629558541267,0.051811166003306985
2.302894610586918,0.05177855969841336
2.3025263831148064,0.05189112958542117
2.302158273381295,0.05192795108150648
2.301790281329924,0.05166867421084229
2.3014224069042672,0.051681933097845835
2.3010546500479387,0.05179692616551369
2.3006870107045856,0.052002192984604075
2.3003194888178915,0.052350540026564946
2.299952084331576,0.05276737388540918
2.299584797189397,0.052255669452302894
2.299217627335143,0.05169421463899858
2.2988505747126435,0.05175067431727528
2.298483639265762,0.051874702113480005
2.298116820938397,0.052015383424156146
2.2977501196744856,0.051903473667571046
2.297383535417996,0.05211985811263835
2.2970170681129365,0.052613948230817484
2.2966507177033493,0.05234708906275372
2.296284484133312,0.05162049839365345
2.295918367346939,0.05141463146121224
2.295552367288378,0.051421905671955336
2.295186483901817,0.05149279866370597
2.2948207171314743,0.05137454802665474
2.294455066921606,0.05134632926322088
2.2940895332165048,0.05143533718496216
2.293724115960497,0.05151732291590516
2.2933588150979456,0.05148029518477006
2.2929936305732483,0.05161955340596598
2.292628562330839,0.051801453059147476
2.292263610315186,0.05182906528073453
2.2918987744707944,0.05192068391504993
2.2915340547422023,0.05172999570108984
2.2911694510739857,0.05151225053121825
2.290804963410754,0.051473887586227556
2.290440591697153,0.0513287317881911
2.290076335877863,0.05161672544989366
2.2897121958975992,0.0516878650081565
2.289348171701113,0.05160345308738036
2.28898426323319,0.05137371550633998
2.288620470438652,0.05105067108365787
2.288256793262355,0.051277242055843365
2.2878932316491896,0.05116455789862773
2.287529785544083,0.05117164583783485
2.2871664548919948,0.05115436035434775
2.2868032396379228,0.0513636374681218
2.2864401397268974,0.05109315719349292
2.286077155103985,0.051096568312443566
2.2857142857142856,0.05135623063221758
2.285351531502936,0.051317332659838726
2.284988892415106,0.051106150565790376
2.284626368396002,0.051052003031721326
2.284263959390863,0.05093738776274866
2.283901665344964,0.05086363163589851
2.283539486203616,0.05091230261543341
2.283177421912161,0.051152662416326586
2.28281547241598,0.051013522491520025
2.282453637660485,0.05119400367237096
2.282091917591125,0.05078709949142514
2.2817303121533827,0.05062297523196226
2.281368821292776,0.05090285483448675
2.2810074449548554,0.05080907984509242
2.2806461830852074,0.05086547917781663
2.2802850356294537,0.05095607314976092
2.279924002533249,0.05098857443049045
2.2795630837422824,0.050819658380118246
2.2792022792022792,0.051002574129883446
2.278841588858997,0.051001499223580944
2.278481012658228,0.05089315956758669
2.2781205505457995,0.05093126568727304
2.2777602024675736,0.05094957194665446
2.277399968369445,0.050650696091335455
2.277039848197344,0.0509250204615152
2.2766798418972334,0.05096264734603976
2.2763199494151123,0.050768183935542076
2.2759601706970125,0.05085322968610468
2.275600505689001,0.0509219124718663
2.2752409543371783,0.05064728420559039
2.2748815165876777,0.050651353328923746
2.274522192386669,0.05072601533130736
2.274162981680353,0.050719137064966065
2.2738038844149693,0.05052518443000119
2.2734449005367856,0.05079451713717199
2.273086029992107,0.050882180939233856
2.272727272727273,0.050633074542192485
2.2723686286886537,0.05056099143221236
2.272010097822657,0.05045142339560122
2.271651680075722,0.05029442055071767
2.271293375394322,0.05032373664798135
2.2709351837249647,0.05040276573867184
2.270577105014191,0.05053919057188229
2.270219139208576,0.05043800540855124
2.269861286254729,0.050612461112365136
2.269503546099291,0.05043889764362785
2.269145918688938,0.050333146925025884
2.26878840397038,0.05022715911519268
2.268431001890359,0.05026901433316318
2.268073712395653,0.050279354615157965
2.267716535433071,0.05016375667276328
2.2673594709494567,0.05013529105258083
2.267002518891688,0.05013139782096129
2.266645679206674,0.05035389841278997
2.26628895184136,0.05043306947537418
2.2659323367427224,0.050270086851680544
2.2655758338577723,0.050035208553856944
2.265219443133553,0.050227729951307636
2.2648631645171435,0.05036404888658338
2.2645069979556536,0.05016558580393504
2.2641509433962264,0.05050564117063745
2.26379500078604,0.0502600887455125
2.263439170072304,0.05046812550244983
2.263083451202263,0.050536124431021144
2.262727844123193,0.050764102947484166
2.262372348782404,0.05091413246587477
2.2620169651272386,0.051123180901186
2.261661693105073,0.051351025252122554
2.2613065326633164,0.05174689454464808
2.260951483749412,0.05187614063342257
2.260596546310832,0.052019971066382405
2.260241720295088,0.05244057788836884
2.2598870056497176,0.05295503246271592
2.259532402322297,0.05331609016836189
2.259177910260433,0.05390243981960727
2.2588235294117647,0.054440690764267906
2.258469259723965,0.05487407709705461
2.258115101144739,0.0549984120823731
2.257761053621825,0.05509909314329157
2.257407117102994,0.05528750751379799
2.2570532915360504,0.05528528973468105
2.2566995768688294,0.05594965796670625
2.256345973049201,0.056241276329526226
2.2559924800250664,0.056188795150508335
2.255639097744361,0.05605019409545276
2.255285826155051,0.055912078808008414
2.2549326652051365,0.05592293854443321
2.2545796148426493,0.055733556922005704
2.254226675015654,0.05557679017676724
2.253873845672249,0.055538195810429784
2.2535211267605635,0.05494710449004986
2.253168518228759,0.054787738025077054
2.252816020025031,0.054627841997966844
2.252463632097607,0.05435983492270199
2.252111354394745,0.05411850702743559
2.251759186864738,0.05407402641388494
2.25140712945591,0.05397308495109809
2.2510551821166174,0.05396864557934917
2.2507033447952485,0.05452392776486611
2.250351617440225,0.05489317942036848
2.25,0.05483673742083015
2.249648492423059,0.054988561685035395
2.24929709465792,0.05511591983701184
2.248945806653132,0.05491145776123284
2.2485946283572766,0.05474131064581027
2.24824355971897,0.054406568082418345
2.247892600686856,0.05363874101981924
2.2475417512096145,0.05339577343128627
2.247191011235955,0.05285598114824767
2.24684038071462,0.05203244423903433
2.246489859594384,0.05160708035207739
2.2461394478240524,0.05140378331761987
2.245789145352464,0.05089971304018777
2.245438952128489,0.05064449378308173
2.245088868101029,0.049977578977305016
2.2447388932190178,0.049729961640895604
2.244389027431421,0.04949349456799991
2.244039270687237,0.04960692428115594
2.243689622935494,0.04948553722066654
2.243340084125253,0.04931488542531922
2.242990654205608,0.049083977656338984
2.2426413331256816,0.04881372000474291
2.242292120834631,0.04866862208140478
2.241943017281644,0.04884268938791481
2.2415940224159403,0.0488286205471588
2.2412451361867705,0.04892336648305151
2.2408963585434174,0.04902216442842794
2.2405476894351954,0.048810074274288656
2.24019912881145,0.048759211351587846
2.2398506766215585,0.049014902928010536
2.2395023328149297,0.048627771521323644
2.2391540973410047,0.04848269670174673
2.238805970149254,0.04869745943474825
2.2384579511891807,0.04858996575467714
2.23811004041032,0.048302374191009155
2.237762237762237,0.04826972797130291
2.237414543194531,0.04844861335302917
2.237066956656828,0.04849077246925964
2.2367194780987885,0.048513518068749296
2.236372107470104,0.048445289254230764
2.2360248447204967,0.04830129177943072
2.235677689799721,0.048339518823478846
2.23533064265756,0.04848053442959974
2.2349837032438304,0.04830640792899852
2.23463687150838,0.048456698421128694
2.234290147401086,0.04808542127657986
2.2339435308718585,0.048182443668598834
2.2335970218706374,0.048320093397255015
2.2332506203473947,0.048175313498920916
2.232904326252132,0.04839252277505436
2.232558139534884,0.048044917426351245
2.232212060145714,0.04806548374981493
2.231866088034718,0.04809616083578321
2.2315202231520224,0.04818028919261879
2.231174465447784,0.04823067872461679
2.230828814872192,0.04817690511947984
2.2304832713754648,0.04819276602169172
2.230137834907852,0.048242010711417295
2.229792505419635,0.04831744598676653
2.229447282861124,0.048112245893645496
2.2291021671826625,0.04793022263741416
2.228757158334623,0.04792798489473493
2.2284122562674096,0.04803732702655395
2.228067460931456,0.047943786704259354
2.227722772277228,0.04820638242841465
2.2273781902552203,0.04799525134309386
2.22703371481596,0.04795236978296109
2.226689345910005,0.04773752111617075
2.226345083487941,0.047994182880279145
2.2260009275003863,0.0482677740932638
2.2256568778979906,0.0482956400782514
2.2253129346314324,0.0482142040850332
2.224969097651422,0.048232078732267994
2.2246253669086977,0.04818295190902711
2.2242817423540315,0.04779672735241775
2.223938223938224,0.04782703456402751
2.2235948116121063,0.047818011040784154
2.22325150532654,0.04774812856831132
2.222908305032417,0.04770386054808863
2.2225652106806604,0.04811450322817538
2.2222222222222223,0.04873060885148594
2.221879339608085,0.04820734701998808
2.2215365627892627,0.04809898794326764
2.2211938917167977,0.04823901138232788
2.2208513263417644,0.0481741716377149
2.220508866615266,0.047792121134769744
2.2201665124884364,0.04766269127991695
2.2198242639124404,0.047550649303042716
2.219482120838471,0.04755095038127954
2.219140083217753,0.04755862416756594
2.2187981510015407,0.047526193642789503
2.2184563241411186,0.04748130244665855
2.2181146025878005,0.04762956495863864
2.217772986292931,0.04748882540030861
2.217431475207884,0.047410155222539115
2.2170900692840645,0.0473363470133184
2.216748768472906,0.04762411008057196
2.2164075727258736,0.047588302566641115
2.21606648199446,0.04753078950865076
2.2157254962301893,0.047612384189425
2.2153846153846155,0.04812562065338373
2.2150438394093217,0.048500924129847675
2.2147031682559213,0.048227436496690285
2.2143626018760574,0.047645765537831536
2.2140221402214024,0.04740271901200915
2.2136817832436586,0.04775359571188692
2.2133415308945588,0.04778258830197551
2.213001383125864,0.0474877502653235
2.212661339889367,0.04770185912953029
2.2123214011368875,0.04831156125853146
2.2119815668202767,0.04819103064557122
2.2116418368914146,0.04780794526971153
2.211302211302211,0.047465377536054267
2.210962690004606,0.04747667586448203
2.210623272950568,0.047585735770919235
2.210283960092095,0.04717370612269174
2.209944751381216,0.047053538810529615
2.2096056467699863,0.04706485132185302
2.209266646210494,0.04692986362045011
2.208927749654855,0.046948158262195894
2.208588957055215,0.04681494051204122
2.208250268363748,0.04675992510461684
2.2079116835326587,0.04685207792614952
2.2075732025141805,0.04682248460251258
2.2072348252605765,0.047138875618889374
2.206896551724138,0.047122995725323295
2.2065583818571866,0.04677650893796686
2.206220315612073,0.046838069979455506
2.2058823529411766,0.0468453938477359
2.205544493796906,0.046742233323934436
2.2052067381317,0.04673096669887192
2.2048690858980247,0.04668084910896705
2.204531537048377,0.046628802309434496
2.2041940915352827,0.04688944479163379
2.203856749311295,0.04679489903964275
2.2035195103289977,0.04670628937436704
2.2031823745410035,0.04631393318016353
2.202845341899954,0.04661569218601165
2.20250841235852,0.04688604346340185
2.202171585869399,0.04692810782984223
2.201834862385321,0.04651314729785655
2.201498241859043,0.04631092385998902
2.2011617242433505,0.04642454420462929
2.2008253094910595,0.04661301854010542
2.2004889975550124,0.04687298196801067
2.2001527883880825,0.04807088974542599
2.1998166819431715,0.047738086639390456
2.199480678173209,0.046749177823963844
2.1991447770311545,0.046511639377918745
2.198808978469996,0.04631763407275911
2.198473282442748,0.046454224840046666
2.1981376889024578,0.04632430375773232
2.197802197802197,0.04621831703047104
2.197466809095071,0.04617929857241836
2.197131522734208,0.046109061642210354
2.196796338672769,0.04618073822575651
2.196461256863941,0.046293670214597724
2.1961262772609422,0.04641050224395943
2.195791399817017,0.046175743699501476
2.19545662448544,0.046114448444275
2.1951219512195124,0.04611417635980054
2.194787379972565,0.04614125741615871
2.194452910697958,0.04594282647460074
2.194118543349078,0.04601589723884204
2.193784277879342,0.04587490390576666
2.1934501142421934,0.04628864551157245
2.193116052391105,0.04634481547150898
2.19278209227958,0.045962593385324164
2.192448233861145,0.04576157753600014
2.1921144770893592,0.04595370515018579
2.191780821917808,0.045921313021985134
2.1914472683001067,0.04579942586328409
2.1911138161898966,0.04609294060770046
2.1907804655408487,0.04604773097345696
2.1904472163066626,0.0461426769041116
2.1901140684410647,0.04608067213722031
2.18978102189781,0.04604455322542406
2.1894480766306827,0.04590437063230842
2.189115232593493,0.045878177545113745
2.188782489740082,0.046234647158447155
2.188449848024316,0.046144843263967256
2.1881173074000912,0.04577673617748014
2.187784867821331,0.04568150537564904
2.187452529241986,0.04556770272141901
2.187120291616039,0.045793193849385475
2.1867881548974943,0.0459023898773467
2.186456119040389,0.04597029984450855
2.186124183998785,0.046038973653030335
2.185792349726776,0.04580377143361321
2.18546061617848,0.04557338410897853
2.1851289833080427,0.04551281446838915
2.1847974510696404,0.045453014709676144
2.184466019417476,0.04556160443077611
2.184134688305779,0.04572769637345534
2.1838034576888083,0.04560566930217113
2.183472327520849,0.04557234078537597
2.183141297756216,0.04548056069971634
2.1828103683492497,0.04535396553031073
2.18247953925432,0.04542012432932406
2.1821488104258218,0.04561938375978243
2.181818181818182,0.04564489008122758
2.1814876533858505,0.04527858273047226
2.181157225083308,0.04536172394624668
2.180826896865061,0.045495802191983604
2.180496668685645,0.04532181010236414
2.1801665404996218,0.045163465419770246
2.1798365122615806,0.04515681544576738
2.179506583926139,0.04522732667168542
2.179176755447942,0.04549410436918009
2.178847026781661,0.04556505757092796
2.178517397881997,0.045430771110456646
2.1781878687036755,0.04548989918627889
2.177858439201452,0.04550375764367138
2.1775291093301075,0.04551466288927304
2.177199879044451,0.04526444603467604
2.17687074829932,0.04534113739044054
2.176541717049577,0.04574612324059605
2.1762127852501134,0.0454516823277964
2.175883952855848,0.04535536582611569
2.1755552198217254,0.04519648684285849
2.175226586102719,0.04536983202713161
2.174898051653829,0.04547330400323014
2.1745696164300816,0.045324474469725644
2.174241280386532,0.04520320002389788
2.1739130434782608,0.04515740025291222
2.1735849056603773,0.04520949309618896
2.173256866888017,0.04516964340263625
2.172928927116342,0.04502611751165725
2.172601086300543,0.045225117277564626
2.1722733443958364,0.04478118104359833
2.1719457013574663,0.044899113711480046
2.1716181571407027,0.04505228366868295
2.1712907117008444,0.044991672852753926
2.170963364993216,0.04501621154103821
2.1706361169731685,0.04517642992043152
2.1703089675960814,0.0452353614744109
2.16998191681736,0.04524210572707556
2.169654964592437,0.0447393108560663
2.16932811087677,0.044769608779972166
2.169001355625847,0.04499659946635887
2.1686746987951806,0.045034621203596685
2.1683481403403104,0.04497105545510992
2.1680216802168024,0.044825815948679945
2.16769531838025,0.04484045878771927
2.167369054786273,0.04490022087017456
2.167042889390519,0.04489630622336673
2.166716822148661,0.04481474443170761
2.166390853016398,0.044789724366263925
2.166064981949458,0.04484699373761366
2.1657392089035943,0.04492365008798653
2.1654135338345863,0.04495872008768244
2.165087956698241,0.04494157826713926
2.164762477450391,0.04502009614569545
2.164437096046896,0.04502882575913159
2.1641118124436427,0.04490828500820273
2.163786626596544,0.04502444745333365
2.1634615384615388,0.04497451135550198
2.163136547994592,0.04495379016262529
2.1628116551516974,0.04463832460482125
2.162486859888872,0.04478624570129551
2.162162162162162,0.044989611597619106
2.1618375619276384,0.04484379141352974
2.161513059141399,0.044584008152773844
2.161188653759568,0.044507050301047006
2.1608643457382954,0.04446630512565607
2.1605401350337585,0.04442497109869053
2.16021602160216,0.04453596030524528
2.15989200539973,0.04429784185356048
2.159568086382724,0.04438493590108267
2.1592442645074224,0.04463364393552342
2.158920539730135,0.044604178923204375
2.158596912007196,0.044435274524952946
2.158273381294964,0.044518905976021754
2.157949947549828,0.04452181848328029
2.1576266107281987,0.04437248232971936
2.157303370786517,0.04445383114165689
2.156980227681246,0.04438271175375236
2.156657181368878,0.044291355210494814
2.1563342318059298,0.04400551262986167
2.156011378948945,0.04392686360441836
2.155688622754491,0.043967460885713544
2.155365963179165,0.04406410660638501
2.155043400179587,0.04419380831902056
2.1547209337124045,0.04423124356315579
2.154398563734291,0.04446371099735286
2.154076290201945,0.04438866515092481
2.153754113072091,0.04433753607834478
2.1534320323014806,0.044090621533890414
2.15311004784689,0.04405609312615532
2.1527881596651217,0.044254648120154935
2.1524663677130045,0.044205349797010074
2.152144671947392,0.04400476524631033
2.1518230723251643,0.04408975883300593
2.151501568803228,0.04394792435260898
2.151180161338512,0.04394863260097148
2.150858849887976,0.04406932462878708
2.150537634408602,0.04424294920809173
2.150216514857399,0.0440120810769226
2.1498954911914003,0.04412988438872229
2.1495745633676666,0.04392065624979843
2.149253731343284,0.04384994478297637
2.148932995075362,0.043986547870959014
2.1486123545210387,0.04392694181589423
2.148291809637476,0.04419073119182381
2.1479713603818618,0.044056830137462526
2.1476510067114094,0.04393264581013592
2.147330748583358,0.043837722443473476
2.1470105859549724,0.043774908414018494
2.146690518783542,0.04399298065201062
2.1463705470263825,0.043814190724020485
2.1460506706408347,0.04360428994389329
2.1457308895842644,0.043678551167703826
2.1454112038140645,0.04364425816070349
2.1450916132876507,0.04368077059171401
2.1447721179624666,0.043871731813819516
2.144452717795979,0.043827706401085104
2.1441334127456817,0.04391756780643485
2.1438142027690934,0.044025911073010016
2.1434950878237573,0.04375009904297971
2.143176067867242,0.04422675169886922
2.142857142857143,0.04485720014869632
2.1425383127510784,0.04405088454431792
2.1422195775066943,0.04397555338063646
2.14190093708166,0.043492127573743794
2.1415823914336705,0.04358654864856687
2.141263940520446,0.0437288665165692
2.1409455842997325,0.04368061489739036
2.1406273227293,0.04377495319888438
2.140309155766944,0.04396408982195119
2.139991083370486,0.044133932201898894
2.139673105497771,0.04394706444450684
2.1393552221066705,0.04391312092280824
2.13903743315508,0.04390275521262589
2.138719738600921,0.04372973071876625
2.1384021384021383,0.0435741378809594
2.138084632516704,0.04355264369429586
2.137767220902613,0.043925550609115876
2.137449903517886,0.0439615164519753
2.13713268032057,0.043808150261417884
2.136815551268734,0.04376122441642443
2.136498516320475,0.04424723763462
2.136181575433912,0.045295255588120885
2.135864728567191,0.0455109343850369
2.135547975678481,0.04500522124023626
2.135231316725979,0.044038474663906396
2.1349147516679023,0.04341918990675577
2.1345982804624963,0.04346776849600227
2.1342819030680302,0.04344262075831862
2.133965619442798,0.04341772627736816
2.133649429545118,0.043498068994393776
2.1333333333333333,0.04334144630828904
2.133017330765812,0.04335825614304588
2.132701421800948,0.04344285325691985
2.132385606397157,0.043271781394848795
2.132069884512881,0.04336096218229019
2.131754256106588,0.043047941890895725
2.131438721136768,0.04296475710688569
2.1311232795619355,0.04316329400223195
2.1308079313406334,0.04324763481336869
2.130492676431425,0.04319927245522729
2.1301775147929,0.0432247046661154
2.129862446383671,0.04289082296338238
2.129547471162378,0.042935416889527914
2.129232589087683,0.043196082470033856
2.1289178001182734,0.04332698371834207
2.12860310421286,0.04396453853920971
2.1282885013301804,0.04366486528507615
2.127973991428993,0.04326158049995028
2.127659574468085,0.04328211215785701
2.127345250406264,0.043287717520816234
2.127031019202364,0.04313847968171481
2.126716880815241,0.04283729922437644
2.12640283520378,0.04274868488923531
2.1260888823268864,0.04270980128512488
2.1257750221434897,0.04296219663600132
2.125461254612546,0.04314824944964618
2.125147579693034,0.04322944820647713
2.1248339973439574,0.0430502813756746
2.1245205075243434,0.0429453316495361
2.124207110193244,0.042656076165376665
2.1238938053097347,0.04230381771263508
2.123580592832916,0.04258910136604415
2.1232674727219107,0.04278496853015117
2.122954444935869,0.04271683737168006
2.1226415094339623,0.04293836566585742
2.122328666175387,0.042981029128033615
2.122015915119364,0.04281820235853334
2.1217032562251363,0.04277405433896252
2.121390689451974,0.042812450928932225
2.1210782147591694,0.04284204406352079
2.1207658321060383,0.04278222870139173
2.120453541451921,0.04273867508930444
2.120141342756184,0.0426010668323435
2.1198292359782127,0.0426974169951365
2.1195172210774214,0.04260852609910632
2.119205298013245,0.04254156618069511
2.118893466745144,0.04265538037248937
2.1185817272326024,0.04263990208415203
2.118270079435128,0.042723863212513966
2.117958523312252,0.04284577856730391
2.117647058823529,0.042685962632671444
2.11733568592854,0.04271724766873474
2.117024404586886,0.042699807818947215
2.116713214758194,0.04252243350808973
2.1164021164021167,0.042701226481865376
2.116091109478325,0.04243223262692308
2.115780193946518,0.04241894345818294
2.115469369766417,0.042549604852252086
2.115158636897767,0.04231510077741055
2.114847995300338,0.042160182385229734
2.1145374449339207,0.0425268824459224
2.114226985758332,0.042428664043466686
2.113916617733412,0.042449279581671
2.113606340819022,0.0422787130923608
2.1132961549750515,0.04227078194500871
2.112986060161409,0.04231959268146465
2.112676056338028,0.04231098719269146
2.112366143464868,0.042305397679120164
2.112056321501907,0.04244538551242592
2.111746590409151,0.042288190430802786
2.1114369501466275,0.04219306492268409
2.111127400674388,0.04227070357110801
2.1108179419525066,0.04205963097207608
2.1105085739410816,0.04204519213855536
2.1101992966002343,0.042136019352755995
2.10989010989011,0.042088682070062035
2.109581013770876,0.042278997461187566
2.1092720082027245,0.042240262157270364
2.10896309314587,0.04203044336353463
2.1086542685605503,0.04212595243559708
2.108345534407028,0.04204576297491138
2.1080368906455864,0.042104853475771795
2.107728337236534,0.042128765155004085
2.1074198741402017,0.042093419709041714
2.1071115013169446,0.042309431128649676
2.10680321872714,0.042218918629288345
2.106495026331188,0.04189973748443581
2.106186924089513,0.04209478006356294
2.105878911962562,0.042060617770965744
2.105570989910805,0.041933111109291855
2.1052631578947367,0.042046557080126376
2.104955415874872,0.04189274177781296
2.104647763811751,0.0420537674575341
2.104340201665936,0.04219165742508805
2.104032729398013,0.04194799804918975
2.10372534696859,0.041699325984716935
2.1034180543383,0.04193824208710663
2.1031108514677963,0.042070433323250535
2.102803738317757,0.041762407479396024
2.102496714848883,0.041866529787076355
2.102189781021898,0.04190629414844356
2.101882936797548,0.04178154189634439
2.1015761821366024,0.041771655011650206
2.101269516999854,0.041789101740805384
2.1009629413481177,0.041733690315154004
2.100656455142232,0.04198497998398984
2.100350058343057,0.042153380964455284
2.1000437509114773,0.04288270165394081
2.099737532808399,0.042234017398285875
2.0994314039947515,0.041843508488222304
2.099125364431487,0.041792359494841155
2.09881941407958,0.04173815833476182
2.0985135529000294,0.041789622181517536
2.098207780853854,0.04185279207294448
2.097902097902098,0.04157516711755412
2.097596504005826,0.041764071872542066
2.097290999126129,0.042431796415194664
2.096985583224116,0.045664655336784314
2.09668025626092,0.044295416390111766
2.0963750181977,0.04207977178373729
2.096069868995633,0.041869877738528224
2.095764808615922,0.04169455224650938
2.0954598370197903,0.04164040482763929
2.095154954168485,0.04158488293045802
2.094850160023276,0.04168256708121626
2.0945454545454543,0.04214258057330678
2.094240837696335,0.04621287778306299
2.0939363094372547,0.04565338444620296
2.0936318697295726,0.042071157737280776
2.0933275185346707,0.041622492515169716
2.093023255813953,0.04159599691768551
2.0927190815288474,0.041625529786083124
2.092414995640802,0.04166709860915374
2.0921109981112886,0.04136053032497752
2.091807088901801,0.04142278789804633
2.0915032679738563,0.0413706539141046
2.0911995352889923,0.04137673477736731
2.09089589080877,0.04141514203181594
2.0905923344947737,0.04150279724904404
2.090288866308608,0.04158936347266576
2.0899854862119014,0.04142629009452027
2.089682194166304,0.041296831747637555
2.089378990133488,0.0414267136775847
2.0890758740751485,0.04138263390578607
2.0887728459530024,0.041377438661506366
2.0884699057287888,0.04126931109775515
2.0881670533642693,0.041166554862630794
2.0878642888212267,0.04103621376500211
2.087561612061468,0.04112567878569974
2.087259023046818,0.04129452674135343
2.0869565217391304,0.04123388379970052
2.086654108100276,0.04127398470691316
2.086351782092147,0.041261323382854716
2.0860495436766624,0.041361982088989835
2.085747392815759,0.04136283426485925
2.0854453294713973,0.041386193571078124
2.0851433536055604,0.04127782554624216
2.084841465180252,0.04125318392568619
2.0845396641574987,0.04116334283110154
2.0842379504993485,0.0411425784471912
2.083936324167873,0.041138202450530514
2.083634785125162,0.0412384035315177
2.083333333333333,0.04122467696663015
2.0830319687545207,0.041139002042473304
2.082730691350882,0.04107105444259398
2.0824295010845986,0.04095449074540968
2.0821283979178715,0.04100655314939386
2.081827381812925,0.040943387614889394
2.081526452732004,0.04079963457802757
2.081225610637375,0.0408774310490055
2.0809248554913293,0.040701502117166194
2.0806241872561766,0.04090587618144719
2.0803236058942502,0.04112896643067444
2.080023111367904,0.0409030778417371
2.079722703639515,0.04098020123968951
2.07942238267148,0.040886787552389246
2.07912214842622,0.040810653931496015
2.078822000866176,0.04094709719715844
2.07852193995381,0.04109155701893527
2.078221965651609,0.04103959792679312
2.0779220779220777,0.040771830852597064
2.077622276727745,0.04081356400054162
2.07732256203116,0.040900437873031485
2.077022933794894,0.04087753739507669
2.0767233919815404,0.04078033472291091
2.076423936553713,0.04072638490337241
2.0761245674740483,0.040797378826892494
2.075825284705204,0.04076546223404487
2.075526088209859,0.04076901996851953
2.075226977950713,0.04073255096824961
2.07492795389049,0.040557521554434164
2.074629015991932,0.04058771163995296
2.074330164217805,0.040603910044156075
2.0740313985308947,0.04055211476758841
2.0737327188940093,0.04074641038332089
2.073434125269978,0.040881194022283754
2.0731356176216527,0.04078483125300043
2.0728371959119047,0.04087728085121884
2.072538860103627,0.041023490918003634
2.072240610159735,0.04088615652683217
2.071942446043165,0.04079406110853566
2.071644367716875,0.04069627801913169
2.071346375143844,0.04063953743588203
2.0710484682870702,0.04072264286728164
2.0707506471095773,0.040853299728932375
2.070452911574407,0.04072221103444536
2.0701552616446235,0.04071867585796071
2.069857697283312,0.040745650159253737
2.069560218453579,0.04066454920914673
2.0692628251185514,0.04053931360474778
2.0689655172413794,0.0410190341363304
2.068668294785232,0.0406771276483927
2.0683711577133006,0.040695552788957486
2.068074105988798,0.040696996457683716
2.067777139574957,0.04067846661797248
2.067480258435032,0.040632906385197315
2.0671834625323,0.040648668283940634
2.066886751830056,0.040611154025751495
2.066590126291619,0.04096061326875604
2.066293585880328,0.040826738096509094
2.065997130559541,0.04072069702398486
2.065700760292641,0.04075320732147811
2.0654044750430294,0.04073845517428733
2.0651082747741287,0.04098763600481794
2.064812159449384,0.04160893817613347
2.064516129032258,0.04169305445698892
2.0642201834862384,0.04119651726702695
2.0639243227748314,0.040773464344625525
2.063628546861565,0.040756600005954054
2.063332855709988,0.04088258547208852
2.0630372492836675,0.040849785690680346
2.062741727546197,0.04098800722471129
2.0624462904611858,0.04122683073703241
2.062150937992267,0.041487838617612405
2.061855670103093,0.041428298535742335
2.061560486757337,0.04090594410531402
2.061265387918694,0.04068209815643718
2.06097037355088,0.040738818807463745
2.0606754436176304,0.04065449978409495
2.060380598082701,0.040591727096264595
2.060085836909871,0.04062852720755162
2.059791160062938,0.04061795543597569
2.059496567505721,0.04087915137687212
2.0592020592020592,0.041091470825530337
2.0589076351158138,0.041659145612375686
2.058613295210865,0.04094622620229132
2.058319039451115,0.04088439319720639
2.0580248678004858,0.04114445981117184
2.0577307802229208,0.040889728229800686
2.057436776682384,0.040939961053559695
2.0571428571428574,0.040909883109181124
2.056849021568348,0.04059470993795852
2.056555269922879,0.04049611987671462
2.056261602170498,0.04075529643875819
2.0559680182752715,0.04073050126235941
2.0556745182012848,0.040696104171444814
2.0553811019126464,0.04062653746005513
2.0550877693734835,0.040768862649364475
2.054794520547945,0.04080756247737114
2.0545013554002,0.040806144395744925
2.0542082738944365,0.040900118932769035
2.053915275994865,0.04093595708600001
2.053622361665716,0.04064114277067662
2.053329530871239,0.04076958680783319
2.0530367835757057,0.04088046698216955
2.052744119743407,0.04077714767758066
2.0524515393386547,0.04063542164888392
2.0521590423257803,0.04067067499130433
2.0518666286691363,0.04072509434579457
2.051574298333096,0.040751698627552436
2.0512820512820515,0.040725143585481995
2.050989887480416,0.040516633187336136
2.050697806892623,0.040586143583631336
2.050405809483127,0.040664634347939044
2.050113895216401,0.040869187184008796
2.04982206405694,0.04097487983560773
2.049530315969257,0.040959557931443256
2.049238650917888,0.04098774699941876
2.0489470688673874,0.04092888783708403
2.0486555697823303,0.040920812573955086
2.048364153627312,0.04082468173327104
2.0480728203669463,0.04108490569216655
2.04778156996587,0.04135399969197503
2.0474904023887386,0.04157671093562282
2.0471993176002274,0.041436378001138904
2.046908315565032,0.041150046224518594
2.046617396247868,0.04104147800338653
2.046326559613472,0.0413556703954553
2.0460358056265986,0.041703255159461154
2.0457451342520248,0.041331639888110436
2.0454545454545454,0.041366821987472095
2.0451640391989776,0.04118338594706749
2.044873615450156,0.04125160506781195
2.044583274172937,0.04150956310189669
2.044293015332198,0.04161038421626019
2.044002838892832,0.04152254082873962
2.043712744819756,0.04152048871475294
2.0434227330779056,0.04163104676285258
2.043132803632236,0.04144726521246481
2.042842956447723,0.041282437606459665
2.042553191489362,0.041379491773422164
2.042263508722167,0.04170623312507023
2.0419739081111743,0.04190476077781092
2.041684389621438,0.04181833583482767
2.0413949532180324,0.04147752599578245
2.0411055988660527,0.04179308474998956
2.0408163265306123,0.042010309386805084
2.040527136176846,0.04175943344122928
2.0402380277699064,0.04174733809313232
2.039949001274968,0.041883890571983225
2.039660056657224,0.04206287936670652
2.0393711938818866,0.04191119816203023
2.0390824129141887,0.041706769680527334
2.038793713719383,0.041685808671190636
2.0385050962627407,0.04169615968779037
2.038216560509554,0.041687460919980796
2.0379281064251344,0.04162166523726413
2.0376397339748125,0.04175542705173817
2.037351443123939,0.04184822543746047
2.037063233837884,0.04182859232170021
2.036775106082037,0.041815467071919694
2.036487059821807,0.04178317089602093
2.0361990950226243,0.04178630501492831
2.0359112116499363,0.041770502709630626
2.035623409669211,0.04176025061473295
2.0353356890459366,0.04179922493688472
2.035048049745619,0.04169044893858136
2.0347604917337856,0.0422203454129459
2.034473014975982,0.04217408754089067
2.034185619437773,0.04218894216461779
2.0338983050847457,0.04235820466899707
2.0336110718825027,0.042437300141391195
2.0333239197966675,0.042278477316692986
2.0330368487928845,0.042170424492879416
2.032749858836816,0.04231139448516295
2.0324629498941427,0.042223545221220356
2.032176121930567,0.04226545614397364
2.0318893749118105,0.042213149918900864
2.031602708803612,0.04243823755972383
2.031316123571731,0.04249548339838306
2.0310296191819464,0.04248822133374415
2.0307431956000563,0.04237068663044618
2.030456852791878,0.04226404506557956
2.030170590723248,0.042403505849875935
2.0298844093600223,0.04248935058313835
2.029598308668076,0.042606115575766816
2.0293122886133035,0.042503355642161435
2.029026349161618,0.04267429597014242
2.028740490278952,0.04306709653750859
2.028454711931258,0.042665242547877236
2.028169014084507,0.04273640007140321
2.0278833967046896,0.0430175905291668
2.027597859757815,0.04291678114458875
2.0273124032099115,0.042695246938515445
2.027027027027027,0.04285855804597074
2.0267417311752287,0.04280679153255201
2.0264565156206023,0.042896960527645786
2.0261713803292527,0.0430558827804879
2.0258863252673045,0.04309562863228402
2.0256013504009003,0.04311947108685534
2.0253164556962022,0.04293602491932596
2.0250316411193925,0.042975411979733126
2.0247469066366706,0.042990441645193174
2.0244622522142555,0.04328711125266923
2.024177677818386,0.043342027572839274
2.0238931834153195,0.043472980990210665
2.023608768971332,0.04392285983769357
2.023324434452719,0.043743636756321425
2.0230401798257938,0.04350964972747178
2.02275600505689,0.043844666402386094
2.02247191011236,0.04367332762284651
2.022187894958573,0.04351649369197099
2.021903959561921,0.04351377942318421
2.021620103888811,0.043629012005855554
2.021336327905671,0.04352800143165414
2.0210526315789474,0.04327600640850405
2.020769014875105,0.04337634440184022
2.0204854777606287,0.043614862810834994
2.0202020202020203,0.04351161872751664
2.019918642165801,0.0434470442755541
2.0196353436185133,0.04365626905931092
2.0193521245267143,0.043691925445267094
2.0190689848569825,0.043490136624577506
2.0187859245759148,0.0433621636921829
2.0185029436501263,0.04304385784687035
2.018220042046251,0.04307009801695729
2.0179372197309418,0.04319658601041893
2.01765447667087,0.043198732179381034
2.0173718128327263,0.04330740550883407
2.017089228183219,0.04333453830414485
2.016806722689076,0.04349302509050976
2.0165242963170424,0.04344492697762084
2.0162419490338843,0.04318562332149698
2.015959680806384,0.043455697950268185
2.015677491601344,0.04330260103939101
2.0153953813855843,0.0430531814715081
2.0151133501259446,0.04304871653224934
2.0148313977892824,0.04275405492606618
2.0145495243424736,0.04291996692781622
2.014267729752413,0.04302719554575343
2.0139860139860137,0.04314395198230386
2.013704377010208,0.04305995879336173
2.0134228187919465,0.04312384234250148
2.0131413392981967,0.0432203784697145
2.0128599384959465,0.04317053058093607
2.0125786163522013,0.04287729721573209
2.012297372833985,0.042809504802591054
2.0120162079083417,0.042831568506289136
2.0117351215423303,0.04295984111901983
2.011454113703031,0.04319599383724029
2.011173184357542,0.04287911857808433
2.0108923334729787,0.04307470672986523
2.010611561016476,0.04280735958891764
2.0103308669551865,0.04300429901528414
2.010050251256281,0.04328957078408203
2.0097697138869504,0.043414535219385146
2.009489254814401,0.04332128205273075
2.00920887400586,0.043512652402946536
2.008928571428572,0.04372491086511701
2.0086483470497978,0.04349645790270369
2.00836820083682,0.043306065242965486
2.0080881327569378,0.04370576163373275
2.007808142777468,0.04398211884753676
2.0075282308657467,0.043764547635775156
2.0072483969891275,0.04361759949844532
2.0069686411149825,0.043627471989965236
2.0066889632107023,0.04352307910242543
2.0064093632436952,0.04389222805632952
2.006129841181388,0.04411011034069353
2.0058503969912245,0.04411677307177577
2.0055710306406684,0.044294062698230365
2.0052917420972007,0.044510916917796677
2.0050125313283207,0.045456502427686035
2.0047333983015454,0.04577535610924814
2.0044543429844097,0.045587864069050826
2.004175365344468,0.045858276469957625
2.0038964653492903,0.046206239771940584
2.003617642966467,0.047842825800665546
2.003338898163606,0.0530051505828907
2.003060230908332,0.05593074049046351
2.0027816411682893,0.053267136402001355
2.002503128911139,0.05361742401552643
2.0022246941045605,0.056501040533663234
2.001946336716252,0.060406173740895144
2.001668056713928,0.06386120872067948
2.001389854065323,0.06827029494745296
2.001111728738188,0.07311513723574087
2.000833680700292,0.07777283700550083
2.000555709919422,0.08375040094464672
2.000277816363384,0.0971538586241941
2.0,0.1044624235531901
